rfid,rat,cohort,drug group
933000120124701,F1,1,Cocaine
933000120124703,F2,1,Cocaine
933000120117342,F3,1,Cocaine
933000120117333,F4,1,Cocaine
933000120117347,F5,1,Cocaine
933000120117349,F6,1,Cocaine
933000120117340,F7,1,Cocaine
933000120117351,F8,1,Cocaine
933000120117341,F9,1,Cocaine
933000120117334,F10,1,Cocaine
933000120117343,F11,1,Cocaine
933000120117355,F12,1,Cocaine
933000120117346,F13,1,Cocaine
933000120124699,F14,1,Cocaine
933000120124700,F15,1,Cocaine
933000120124697,F16,1,Cocaine
933000120124704,F18,1,Cocaine
933000120117313,F26,1,Cocaine
933000120117306,F19,1,Cocaine
933000120117312,F20,1,Cocaine
933000120117311,F21,1,Cocaine
933000120117329,F22,1,Cocaine
933000120117323,F23,1,Cocaine
933000120124705,M1,1,Cocaine
933000120117338,M2,1,Cocaine
933000120117348,M7,1,Cocaine
933000120117345,M8,1,Cocaine
933000120117352,M13,1,Cocaine
933000120117335,M14,1,Cocaine
933000120117344,M21,1,Cocaine
933000120117332,M22,1,Cocaine
933000120117339,M27,1,Cocaine
933000120117350,M28,1,Cocaine
933000120117331,M31,1,Cocaine
933000120117336,M34,1,Cocaine
933000120124696,M50,1,Cocaine
933000120124698,M51,1,Cocaine
933000120117318,M54,1,Cocaine
933000120117321,M55,1,Cocaine
933000120117320,M58,1,Cocaine
933000120117325,M59,1,Cocaine
933000120117307,M61,1,Cocaine
933000120117322,M62,1,Cocaine
933000120117324,M65,1,Cocaine
933000120117308,M66,1,Cocaine
933000120117326,M69,1,Cocaine
933000120117310,M24,1,Cocaine
933000120117309,M25,1,Cocaine
933000120117327,M70,1,Cocaine
933000120117330,M95,1,Cocaine
933000120117315,M96,1,Cocaine
933000120138279,F78,2,Cocaine
933000120138271,F79,2,Cocaine
933000120138353,F82,2,Cocaine
933000120138340,F83,2,Cocaine
933000120138331,F84,2,Cocaine
933000120138335,F85,2,Cocaine
933000120138341,F86,2,Cocaine
933000120138338,F87,2,Cocaine
933000120138343,F88,2,Cocaine
933000120138354,F89,2,Cocaine
933000120138351,F90,2,Cocaine
933000120138282,F105,2,Cocaine
933000120138316,F92,2,Cocaine
933000120138306,F93,2,Cocaine
933000120138293,F96,2,Cocaine
933000120138285,F97,2,Cocaine
933000120138295,F98,2,Cocaine
933000120138287,F99,2,Cocaine
933000120138305,F100,2,Cocaine
933000120138296,F101,2,Cocaine
933000120138304,F102,2,Cocaine
933000120138286,F103,2,Cocaine
933000120138300,F104,2,Cocaine
933000120138349,M153,2,Cocaine
933000120138347,M154,2,Cocaine
933000120138336,M155,2,Cocaine
933000120138280,M156,2,Cocaine
933000120138344,M160,2,Cocaine
933000120138334,M161,2,Cocaine
933000120138332,M162,2,Cocaine
933000120138342,M163,2,Cocaine
933000120138346,M164,2,Cocaine
933000120138339,M165,2,Cocaine
933000120138348,M166,2,Cocaine
933000120138333,M167,2,Cocaine
933000120138322,M168,2,Cocaine
933000120138321,M169,2,Cocaine
933000120138330,M170,2,Cocaine
933000120138324,M171,2,Cocaine
933000120138289,M172,2,Cocaine
933000120138288,M173,2,Cocaine
933000120138283,M174,2,Cocaine
933000120138291,M175,2,Cocaine
933000120138302,M176,2,Cocaine
933000120138281,M177,2,Cocaine
933000120138298,M178,2,Cocaine
933000120138352,F79-1,2,Cocaine
933000120138337,F80,2,Cocaine
933000120138327,F106,2,Cocaine
933000120138308,F107,2,Cocaine
933000120138309,F108,2,Cocaine
933000120138318,F109,2,Cocaine
933000120138345,M156-1,2,Cocaine
933000120138355,M157,2,Cocaine
933000120138294,M179,2,Cocaine
933000120138292,M180,2,Cocaine
933000120138301,M181,2,Cocaine
933000120138326,M182,2,Cocaine
933000120138317,M183,2,Cocaine
933000120138578,F301,3,Cocaine
933000120138568,F302,3,Cocaine
933000120138400,F303,3,Cocaine
933000120138403,F304,3,Cocaine
933000120138386,F305,3,Cocaine
933000120138398,F306,3,Cocaine
933000120138579,F307,3,Cocaine
933000120138561,F308,3,Cocaine
933000120138648,F309,3,Cocaine
933000120138642,F310,3,Cocaine
933000120138559,F311,3,Cocaine
933000120138556,F312,3,Cocaine
933000120138647,F313,3,Cocaine
933000120138652,F314,3,Cocaine
933000120138634,F315,3,Cocaine
933000120138633,F316,3,Cocaine
933000120138637,F317,3,Cocaine
933000120138650,F318,3,Cocaine
933000120138644,F319,3,Cocaine
933000120138631,F320,3,Cocaine
933000120138654,F321,3,Cocaine
933000120138632,F322,3,Cocaine
933000120138388,F323,3,Cocaine
933000120138649,M351,3,Cocaine
933000120138646,M352,3,Cocaine
933000120138575,M353,3,Cocaine
933000120138558,M354,3,Cocaine
933000120138645,M355,3,Cocaine
933000120138638,M356,3,Cocaine
933000120138655,M357,3,Cocaine
933000120138636,M358,3,Cocaine
933000120138394,M359,3,Cocaine
933000120138389,M360,3,Cocaine
933000120138557,M361,3,Cocaine
933000120138573,M362,3,Cocaine
933000120138577,M363,3,Cocaine
933000120138569,M364,3,Cocaine
933000120138639,M365,3,Cocaine
933000120138384,M366,3,Cocaine
933000120138397,M367,3,Cocaine
933000120138385,M368,3,Cocaine
933000120138643,M369,3,Cocaine
933000120138640,M370,3,Cocaine
933000120138395,M371,3,Cocaine
933000120138401,M372,3,Cocaine
933000120138564,M373,3,Cocaine
933000120138580,M374,3,Cocaine
933000120138653,M375,3,Cocaine
933000120138635,M376,3,Cocaine
933000120138563,M377,3,Cocaine
933000120138576,M378,3,Cocaine
933000120138392,M379,3,Cocaine
933000120138382,M380,3,Cocaine
933000120138381,F324,3,Cocaine
933000120138562,F325,3,Cocaine
933000120138567,F326,3,Cocaine
933000120138571,F327,3,Cocaine
933000120138574,F328,3,Cocaine
933000120138565,F329,3,Cocaine
933000120138570,F330,3,Cocaine
933000120138679,F401,4,Cocaine
933000120138591,F402,4,Cocaine
933000120138391,F403,4,Cocaine
933000120138660,F404,4,Cocaine
933000120138604,F405,4,Cocaine
933000120138582,F406,4,Cocaine
933000120138594,F407,4,Cocaine
933000120138619,F408,4,Cocaine
933000120138675,F409,4,Cocaine
933000120138674,F410,4,Cocaine
933000120138677,F411,4,Cocaine
933000120138666,F412,4,Cocaine
933000120138663,F413,4,Cocaine
933000120138583,F424,4,Cocaine
933000120138387,F415,4,Cocaine
933000120138405,F416,4,Cocaine
933000120138390,F417,4,Cocaine
933000120138396,F418,4,Cocaine
933000120138605,F419,4,Cocaine
933000120138596,F420,4,Cocaine
933000120138680,F421,4,Cocaine
933000120138672,F422,4,Cocaine
933000120138585,F423,4,Cocaine
933000120138584,M451,4,Cocaine
933000120138601,M452,4,Cocaine
933000120138665,M453,4,Cocaine
933000120138669,M454,4,Cocaine
933000120138662,M455,4,Cocaine
933000120138661,M456,4,Cocaine
933000120138589,M457,4,Cocaine
933000120138629,M458,4,Cocaine
933000120138598,M459,4,Cocaine
933000120138603,M460,4,Cocaine
933000120138657,M461,4,Cocaine
933000120138670,M462,4,Cocaine
933000120138402,M463,4,Cocaine
933000120138671,M464,4,Cocaine
933000120138393,M465,4,Cocaine
933000120138399,M466,4,Cocaine
933000120138592,M467,4,Cocaine
933000120138599,M468,4,Cocaine
933000120138668,M469,4,Cocaine
933000120138667,M470,4,Cocaine
933000120138656,M471,4,Cocaine
933000120138673,M472,4,Cocaine
933000120138600,M473,4,Cocaine
933000120138587,M474,4,Cocaine
933000120138676,M475,4,Cocaine
933000120138658,M476,4,Cocaine
933000120138595,M477,4,Cocaine
933000120138586,M478,4,Cocaine
933000120138404,M479,4,Cocaine
933000120138383,M480,4,Cocaine
933000120138588,F425,4,Cocaine
933000120138602,F426,4,Cocaine
933000120138581,F427,4,Cocaine
933000120138664,F428,4,Cocaine
933000120138659,F429,4,Cocaine
933000120138597,F430,4,Cocaine
933000120138494,F501,5,Cocaine
933000120138496,F502,5,Cocaine
933000120138690,F503,5,Cocaine
933000120138682,F504,5,Cocaine
933000120138686,F505,5,Cocaine
933000120138684,F506,5,Cocaine
933000120138623,F507,5,Cocaine
933000120138424,F508,5,Cocaine
933000120138611,F509,5,Cocaine
933000120138630,F510,5,Cocaine
933000120138412,F511,5,Cocaine
933000120138607,F512,5,Cocaine
933000120138687,F532,5,Cocaine
933000120138406,F514,5,Cocaine
933000120138411,F515,5,Cocaine
933000120138432,F516,5,Cocaine
933000120138726,F517,5,Cocaine
933000120138410,F518,5,Cocaine
933000120138712,F519,5,Cocaine
933000120138722,F520,5,Cocaine
933000120138711,F521,5,Cocaine
933000120138715,F522,5,Cocaine
933000120138754,F523,5,Cocaine
933000120138743,F524,5,Cocaine
933000120138732,F525,5,Cocaine
933000120138748,F526,5,Cocaine
933000120138454,F527,5,Cocaine
933000120138707,F528,5,Cocaine
933000120138447,F529,5,Cocaine
933000120138440,F530,5,Cocaine
933000120138504,M551,5,Cocaine
933000120138500,M552,5,Cocaine
933000120138700,M553,5,Cocaine
933000120138689,M554,5,Cocaine
933000120138696,M555,5,Cocaine
933000120138698,M556,5,Cocaine
933000120138615,M557,5,Cocaine
933000120138609,M558,5,Cocaine
933000120138616,M559,5,Cocaine
933000120138627,M560,5,Cocaine
933000120138415,M561,5,Cocaine
933000120138420,M562,5,Cocaine
933000120138414,M563,5,Cocaine
933000120138417,M564,5,Cocaine
933000120138427,M565,5,Cocaine
933000120138434,M566,5,Cocaine
933000120138407,M567,5,Cocaine
933000120138409,M568,5,Cocaine
933000120138724,M569,5,Cocaine
933000120138436,M570,5,Cocaine
933000120138717,M571,5,Cocaine
933000120138708,M572,5,Cocaine
933000120138730,M573,5,Cocaine
933000120138718,M574,5,Cocaine
933000120138750,M575,5,Cocaine
933000120138734,M576,5,Cocaine
933000120138744,M577,5,Cocaine
933000120138736,M578,5,Cocaine
933000120138455,M579,5,Cocaine
933000120138437,M580,5,Cocaine
933000120138502,F531,5,Cocaine
933000120138701,F533,5,Cocaine
933000120138692,F534,5,Cocaine
933000120138697,F535,5,Cocaine
933000120138691,F536,5,Cocaine
933000120138448,F537,5,Cocaine
933000120138503,M581,5,Cocaine
933000120138694,M582,5,Cocaine
933000120138702,M583,5,Cocaine
933000120138683,M584,5,Cocaine
933000120138490,M585,5,Cocaine
933000120138688,M586,5,Cocaine
933000120138618,M587,5,Cocaine
933000120138413,F513,5,Cocaine
933000320046605,F701,7,Cocaine
933000320046613,F702,7,Cocaine
933000320045781,F703,7,Cocaine
933000320045792,F704,7,Cocaine
933000320045777,F705,7,Cocaine
933000320045787,F706,7,Cocaine
933000320045978,F707,7,Cocaine
933000320045988,F708,7,Cocaine
933000320046382,F709,7,Cocaine
933000320046377,F710,7,Cocaine
933000320045794,F711,7,Cocaine
933000320045793,F712,7,Cocaine
933000320045671,F713,7,Cocaine
933000320046608,F714,7,Cocaine
933000320045740,F715,7,Cocaine
933000320045736,F716,7,Cocaine
933000320046086,F717,7,Cocaine
933000320046093,F718,7,Cocaine
933000320046393,F719,7,Cocaine
933000320046376,F720,7,Cocaine
933000320046127,F721,7,Cocaine
933000320046129,F722,7,Cocaine
933000320045653,F723,7,Cocaine
933000320046143,F724,7,Cocaine
933000320046078,F725,7,Cocaine
933000320046081,F726,7,Cocaine
933000320045675,F727,7,Cocaine
933000320045661,F728,7,Cocaine
933000320045652,F729,7,Cocaine
933000320045667,F730,7,Cocaine
933000320046099,M751,7,Cocaine
933000320046088,M752,7,Cocaine
933000320046141,M753,7,Cocaine
933000320046144,M754,7,Cocaine
933000320045657,M755,7,Cocaine
933000320046148,M756,7,Cocaine
933000320046135,M757,7,Cocaine
933000320046390,M758,7,Cocaine
933000320046609,M759,7,Cocaine
933000320046615,M760,7,Cocaine
933000320045659,M761,7,Cocaine
933000320045674,M762,7,Cocaine
933000320045997,M763,7,Cocaine
933000320045990,M764,7,Cocaine
933000320045778,M765,7,Cocaine
933000320045784,M766,7,Cocaine
933000320045672,M767,7,Cocaine
933000320046611,M768,7,Cocaine
933000320046379,M769,7,Cocaine
933000320046131,M770,7,Cocaine
933000320045744,M771,7,Cocaine
933000320045735,M772,7,Cocaine
933000320046092,M773,7,Cocaine
933000320045670,M774,7,Cocaine
933000320045660,M775,7,Cocaine
933000320046397,M776,7,Cocaine
933000320045791,M777,7,Cocaine
933000320045799,M778,7,Cocaine
933000320045785,M779,7,Cocaine
933000320045788,M780,7,Cocaine
933000320045745,F731,7,Cocaine
933000320045741,F732,7,Cocaine
933000320046396,F733,7,Cocaine
933000320045662,F734,7,Cocaine
933000320046091,F735,7,Cocaine
933000320046098,F736,7,Cocaine
933000320046084,M781,7,Cocaine
933000320046085,M782,7,Cocaine
933000320046621,M783,7,Cocaine
933000320046625,M784,7,Cocaine
933000320046077,M785,7,Cocaine
933000320046090,M786,7,Cocaine
933000320046549,M787,7,Cocaine
933000320047477,F801,8,Cocaine
933000320047103,F802,8,Cocaine
933000320047470,F803,8,Cocaine
933000320047475,F804,8,Cocaine
933000320047312,F805,8,Cocaine
933000320047254,F806,8,Cocaine
933000320047497,F807,8,Cocaine
933000320047490,F808,8,Cocaine
933000320046919,F809,8,Cocaine
933000320047108,F810,8,Cocaine
933000320047129,F811,8,Cocaine
933000320047126,F812,8,Cocaine
933000320047111,F813,8,Cocaine
933000320047264,F814,8,Cocaine
933000320047110,F815,8,Cocaine
933000320046923,F816,8,Cocaine
933000320046907,F817,8,Cocaine
933000320047286,F818,8,Cocaine
933000320046904,F819,8,Cocaine
933000320047121,F820,8,Cocaine
933000320047288,F821,8,Cocaine
933000320047127,F822,8,Cocaine
933000320047295,F823,8,Cocaine
933000320047147,F824,8,Cocaine
933000320047268,F837,8,Cocaine
933000320047135,F826,8,Cocaine
933000320047143,F827,8,Cocaine
933000320047280,F828,8,Cocaine
933000320047119,F829,8,Cocaine
933000320047252,F830,8,Cocaine
933000320047293,M851,8,Cocaine
933000320047114,M852,8,Cocaine
933000320047283,M853,8,Cocaine
933000320047104,M854,8,Cocaine
933000320046922,M855,8,Cocaine
933000320046910,M856,8,Cocaine
933000320046920,M857,8,Cocaine
933000320047115,M858,8,Cocaine
933000320047116,M859,8,Cocaine
933000320046915,M860,8,Cocaine
933000320047144,M861,8,Cocaine
933000320047130,M862,8,Cocaine
933000320047277,M863,8,Cocaine
933000320047136,M864,8,Cocaine
933000320047287,M865,8,Cocaine
933000320047290,M866,8,Cocaine
933000320047132,M867,8,Cocaine
933000320047281,M868,8,Cocaine
933000320047150,M869,8,Cocaine
933000320047471,M870,8,Cocaine
933000320047476,M871,8,Cocaine
933000320047462,M872,8,Cocaine
933000320047275,M873,8,Cocaine
933000320047313,M874,8,Cocaine
933000320047112,M875,8,Cocaine
933000320047321,M876,8,Cocaine
933000320047500,M877,8,Cocaine
933000320047464,M878,8,Cocaine
933000320047260,M879,8,Cocaine
933000320047259,M880,8,Cocaine
933000320047455,F831,8,Cocaine
933000320047467,F832,8,Cocaine
933000320047472,F833,8,Cocaine
933000320047265,F834,8,Cocaine
933000320047261,F835,8,Cocaine
933000320047474,F836,8,Cocaine
933000320047255,M881,8,Cocaine
933000320047483,M882,8,Cocaine
933000320047251,M883,8,Cocaine
933000320047473,M884,8,Cocaine
933000320047256,M886,8,Cocaine
933000320047262,M887,8,Cocaine
933000320047591,F901,9,Cocaine
933000320047595,F902,9,Cocaine
933000320046810,F903,9,Cocaine
933000320047598,F904,9,Cocaine
933000320046822,F905,9,Cocaine
933000320046823,F906,9,Cocaine
933000320047584,F907,9,Cocaine
933000320047583,F908,9,Cocaine
933000320046818,F909,9,Cocaine
933000320047592,F910,9,Cocaine
933000320047169,F911,9,Cocaine
933000320047011,F912,9,Cocaine
933000320047017,F913,9,Cocaine
933000320047167,F914,9,Cocaine
933000320046842,F915,9,Cocaine
933000320047154,F916,9,Cocaine
933000320046831,F917,9,Cocaine
933000320046832,F918,9,Cocaine
933000320047331,F919,9,Cocaine
933000320047049,F920,9,Cocaine
933000320047333,F921,9,Cocaine
933000320047337,F922,9,Cocaine
933000320047346,F923,9,Cocaine
933000320047031,F924,9,Cocaine
933000320047338,F925,9,Cocaine
933000320047327,F926,9,Cocaine
933000320047335,F927,9,Cocaine
933000320047330,F928,9,Cocaine
933000320046836,F929,9,Cocaine
933000320047387,F930,9,Cocaine
933000320047341,M951,9,Cocaine
933000320047332,M952,9,Cocaine
933000320047037,M953,9,Cocaine
933000320047045,M954,9,Cocaine
933000320047040,M955,9,Cocaine
933000320047340,M956,9,Cocaine
933000320047342,M957,9,Cocaine
933000320047329,M958,9,Cocaine
933000320047576,M959,9,Cocaine
933000320047582,M960,9,Cocaine
933000320046815,M961,9,Cocaine
933000320046801,M962,9,Cocaine
933000320047593,M963,9,Cocaine
933000320047166,M964,9,Cocaine
933000320046812,M965,9,Cocaine
933000320047600,M966,9,Cocaine
933000320046814,M967,9,Cocaine
933000320047581,M968,9,Cocaine
933000320046841,M969,9,Cocaine
933000320047171,M970,9,Cocaine
933000320047162,M971,9,Cocaine
933000320046847,M972,9,Cocaine
933000320047001,M973,9,Cocaine
933000320046833,M974,9,Cocaine
933000320047019,M975,9,Cocaine
933000320047172,M976,9,Cocaine
933000320047152,M977,9,Cocaine
933000320046834,M978,9,Cocaine
933000320047339,M979,9,Cocaine
933000320047009,M980,9,Cocaine
933000320047386,M981,9,Cocaine
933000320047160,M982,9,Cocaine
933000320047005,M983,9,Cocaine
933000320047013,M984,9,Cocaine
933000320047161,M985,9,Cocaine
933000320047174,M986,9,Cocaine
933000320047006,M987,9,Cocaine
933000320047164,M988,9,Cocaine
933000320047397,F931,9,Cocaine
933000320047159,F932,9,Cocaine
933000320047392,F933,9,Cocaine
933000320047383,F934,9,Cocaine
933000320047376,F935,9,Cocaine
933000320047165,F936,9,Cocaine
933000320047914,F1001,10,Cocaine
933000320047907,F1002,10,Cocaine
933000320047853,F1003,10,Cocaine
933000320047860,F1004,10,Cocaine
933000320047904,F1005,10,Cocaine
933000320047911,F1006,10,Cocaine
933000320047863,F1007,10,Cocaine
933000320047922,F1008,10,Cocaine
933000320047942,F1009,10,Cocaine
933000320047673,F1010,10,Cocaine
933000320047935,F1011,10,Cocaine
933000320047936,F1012,10,Cocaine
933000320047949,F1013,10,Cocaine
933000320047665,F1014,10,Cocaine
933000320047897,F1015,10,Cocaine
933000320047666,F1016,10,Cocaine
933000320047900,F1017,10,Cocaine
933000320047670,F1018,10,Cocaine
933000320047887,F1019,10,Cocaine
933000320186805,F1020,10,Cocaine
933000320047899,F1021,10,Cocaine
933000320047884,F1022,10,Cocaine
933000320186839,F1023,10,Cocaine
933000320186840,F1024,10,Cocaine
933000320186829,F1025,10,Cocaine
933000320047878,F1026,10,Cocaine
933000320186780,F1027,10,Cocaine
933000320186779,F1028,10,Cocaine
933000320047909,F1029,10,Cocaine
933000320047859,F1030,10,Cocaine
933000320047871,M1051,10,Cocaine
933000320047862,M1052,10,Cocaine
933000320047667,M1053,10,Cocaine
933000320047864,M1054,10,Cocaine
933000320047920,M1055,10,Cocaine
933000320047912,M1056,10,Cocaine
933000320047857,M1057,10,Cocaine
933000320047658,M1058,10,Cocaine
933000320047888,M1059,10,Cocaine
933000320047659,M1060,10,Cocaine
933000320047947,M1061,10,Cocaine
933000320047889,M1062,10,Cocaine
933000320047660,M1063,10,Cocaine
933000320047928,M1064,10,Cocaine
933000320047885,M1065,10,Cocaine
933000320047940,M1066,10,Cocaine
933000320047892,M1067,10,Cocaine
933000320186803,M1068,10,Cocaine
933000320047883,M1069,10,Cocaine
933000320186781,M1070,10,Cocaine
933000320186811,M1071,10,Cocaine
933000320186832,M1072,10,Cocaine
933000320186831,M1073,10,Cocaine
933000320186827,M1074,10,Cocaine
933000320047880,M1075,10,Cocaine
933000320186802,M1076,10,Cocaine
933000320186800,M1077,10,Cocaine
933000320186819,M1078,10,Cocaine
933000320047950,M1079,10,Cocaine
933000320047941,M1080,10,Cocaine
933000320047865,M1081,10,Cocaine
933000320186801,M1082,10,Cocaine
933000320186828,M1083,10,Cocaine
933000320047654,M1084,10,Cocaine
933000320047651,M1085,10,Cocaine
933000320047663,M1086,10,Cocaine
933000320047869,F1031,10,Cocaine
933000320047870,F1032,10,Cocaine
933000320047921,F1033,10,Cocaine
933000320047915,F1034,10,Cocaine
933000320047867,F1035,10,Cocaine
933000320047855,F1036,10,Cocaine
933000320047873,F1037,10,Cocaine
933000320187246,F1101,11,Cocaine
933000320186953,F1102,11,Cocaine
933000320186954,F1103,11,Cocaine
933000320186994,F1104,11,Cocaine
933000320187183,F1135,11,Cocaine
933000320186957,F1106,11,Cocaine
933000320186959,F1107,11,Cocaine
933000320187227,F1108,11,Cocaine
933000320187235,F1109,11,Cocaine
933000320186989,F1110,11,Cocaine
933000320187163,F1111,11,Cocaine
933000320187089,F1112,11,Cocaine
933000320187156,F1113,11,Cocaine
933000320187095,F1114,11,Cocaine
933000320187080,F1115,11,Cocaine
933000320187151,F1116,11,Cocaine
933000320187078,F1117,11,Cocaine
933000320186978,F1118,11,Cocaine
933000320186980,F1119,11,Cocaine
933000320186952,F1137,11,Cocaine
933000320187320,F1121,11,Cocaine
933000320186877,F1122,11,Cocaine
933000320186898,F1123,11,Cocaine
933000320186895,F1124,11,Cocaine
933000320187196,F1125,11,Cocaine
933000320187205,F1126,11,Cocaine
933000320187201,F1127,11,Cocaine
933000320187224,F1128,11,Cocaine
933000320187322,F1129,11,Cocaine
933000320187215,F1130,11,Cocaine
933000320186956,M1151,11,Cocaine
933000320186987,M1152,11,Cocaine
933000320186975,M1153,11,Cocaine
933000320187247,M1154,11,Cocaine
933000320187244,M1155,11,Cocaine
933000320186955,M1156,11,Cocaine
933000320187351,M1157,11,Cocaine
933000320186964,M1158,11,Cocaine
933000320187229,M1159,11,Cocaine
933000320186988,M1160,11,Cocaine
933000320187158,M1161,11,Cocaine
933000320187167,M1162,11,Cocaine
933000320187319,M1163,11,Cocaine
933000320187311,M1164,11,Cocaine
933000320187225,M1165,11,Cocaine
933000320186883,M1166,11,Cocaine
933000320187172,M1167,11,Cocaine
933000320187088,M1168,11,Cocaine
933000320187093,M1169,11,Cocaine
933000320187098,M1170,11,Cocaine
933000320187081,M1171,11,Cocaine
933000320187092,M1172,11,Cocaine
933000320187077,M1173,11,Cocaine
933000320187171,M1174,11,Cocaine
933000320186888,M1175,11,Cocaine
933000320186881,M1176,11,Cocaine
933000320187202,M1177,11,Cocaine
933000320187204,M1178,11,Cocaine
933000320186894,M1179,11,Cocaine
933000320187222,M1180,11,Cocaine
933000320187128,M1181,11,Cocaine
933000320187130,M1182,11,Cocaine
933000320187180,M1183,11,Cocaine
933000320187306,M1184,11,Cocaine
933000320187176,M1185,11,Cocaine
933000320187318,M1186,11,Cocaine
933000320187313,M1187,11,Cocaine
933000320187200,M1188,11,Cocaine
933000320187317,F1131,11,Cocaine
933000320186963,F1132,11,Cocaine
933000320187181,F1133,11,Cocaine
933000320187179,F1134,11,Cocaine
933000320187312,F1136,11,Cocaine
933000320048622,F1301,13,Cocaine
933000320048607,F1302,13,Cocaine
933000320048615,F1303,13,Cocaine
933000320048772,F1304,13,Cocaine
933000320048769,F1305,13,Cocaine
933000320048535,F1335,13,Cocaine
933000320048616,F1307,13,Cocaine
933000320048614,F1308,13,Cocaine
933000320048350,F1309,13,Cocaine
933000320048342,F1310,13,Cocaine
933000320048145,F1311,13,Cocaine
933000320048764,F1312,13,Cocaine
933000320048594,F1313,13,Cocaine
933000320048757,F1314,13,Cocaine
933000320048126,F1315,13,Cocaine
933000320048582,F1316,13,Cocaine
933000320048539,F1317,13,Cocaine
933000320048336,F1331,13,Cocaine
933000320048223,F1319,13,Cocaine
933000320048206,F1320,13,Cocaine
933000320048763,M1351,13,Cocaine
933000320048762,M1352,13,Cocaine
933000320048759,M1353,13,Cocaine
933000320048624,M1354,13,Cocaine
933000320048613,M1355,13,Cocaine
933000320048765,M1356,13,Cocaine
933000320048605,M1357,13,Cocaine
933000320048612,M1358,13,Cocaine
933000320048333,M1359,13,Cocaine
933000320048329,M1360,13,Cocaine
933000320048135,M1361,13,Cocaine
933000320048775,M1362,13,Cocaine
933000320048344,M1363,13,Cocaine
933000320048589,M1364,13,Cocaine
933000320048760,M1365,13,Cocaine
933000320048583,M1366,13,Cocaine
933000320048212,M1367,13,Cocaine
933000320048527,M1368,13,Cocaine
933000320048533,M1369,13,Cocaine
933000320048214,M1370,13,Cocaine
933000320048544,F1332,13,Cocaine
933000320048211,F1333,13,Cocaine
933000320048207,F1334,13,Cocaine
933000320048529,M1381,13,Cocaine
933000320048540,M1382,13,Cocaine
933000320048142,M1383,13,Cocaine
933000320048205,M1384,13,Cocaine
933000320048202,M1385,13,Cocaine
933000320048821,F1401,14,Cocaine
933000320048970,F1431,14,Cocaine
933000320049034,F1403,14,Cocaine
933000320048778,F1404,14,Cocaine
933000320049033,F1405,14,Cocaine
933000320048781,F1406,14,Cocaine
933000320049040,F1407,14,Cocaine
933000320048799,F1408,14,Cocaine
933000320048791,F1409,14,Cocaine
933000320048784,F1410,14,Cocaine
933000320049150,F1411,14,Cocaine
933000320049135,F1412,14,Cocaine
933000320049138,F1413,14,Cocaine
933000320049174,F1434,14,Cocaine
933000320049173,F1432,14,Cocaine
933000320048790,F1416,14,Cocaine
933000320049136,F1417,14,Cocaine
933000320049151,F1433,14,Cocaine
933000320049166,F1419,14,Cocaine
933000320049145,F1420,14,Cocaine
933000320048647,F1421,14,Cocaine
933000320048630,F1422,14,Cocaine
933000320049172,F1423,14,Cocaine
933000320049000,F1424,14,Cocaine
933000320048716,F1425,14,Cocaine
933000320048964,F1426,14,Cocaine
933000320048953,F1428,14,Cocaine
933000320048952,F1429,14,Cocaine
933000320048710,F1430,14,Cocaine
933000320049039,M1451,14,Cocaine
933000320049041,M1452,14,Cocaine
933000320048809,M1453,14,Cocaine
933000320048788,M1454,14,Cocaine
933000320048817,M1455,14,Cocaine
933000320049044,M1456,14,Cocaine
933000320049050,M1457,14,Cocaine
933000320048782,M1458,14,Cocaine
933000320048994,M1488,14,Cocaine
933000320049133,M1460,14,Cocaine
933000320048780,M1461,14,Cocaine
933000320049147,M1462,14,Cocaine
933000320049161,M1486,14,Cocaine
933000320048789,M1464,14,Cocaine
933000320048800,M1465,14,Cocaine
933000320049142,M1466,14,Cocaine
933000320048985,M1467,14,Cocaine
933000320049131,M1468,14,Cocaine
933000320048638,M1469,14,Cocaine
933000320048642,M1470,14,Cocaine
933000320049157,M1471,14,Cocaine
933000320049155,M1472,14,Cocaine
933000320049132,M1473,14,Cocaine
933000320048995,M1474,14,Cocaine
933000320048968,M1475,14,Cocaine
933000320048702,M1476,14,Cocaine
933000320048712,M1477,14,Cocaine
933000320048975,M1478,14,Cocaine
933000320048965,M1479,14,Cocaine
933000320048959,M1480,14,Cocaine
933000320048634,M1481,14,Cocaine
933000320048631,M1482,14,Cocaine
933000320048999,M1483,14,Cocaine
933000320048986,M1484,14,Cocaine
933000320048976,M1485,14,Cocaine
933000320049167,M1487,14,Cocaine
933000320188110,F1501,15,Cocaine
933000320187730,F1502,15,Cocaine
933000320187943,F1503,15,Cocaine
933000320188118,F1504,15,Cocaine
933000320187946,F1505,15,Cocaine
933000320187910,F1506,15,Cocaine
933000320187938,F1507,15,Cocaine
933000320187750,F1508,15,Cocaine
933000320187920,F1509,15,Cocaine
933000320187933,F1510,15,Cocaine
933000320188174,F1511,15,Cocaine
933000320188171,F1512,15,Cocaine
933000320188273,F1513,15,Cocaine
933000320188153,F1514,15,Cocaine
933000320188169,F1515,15,Cocaine
933000320188154,F1516,15,Cocaine
933000320188264,F1517,15,Cocaine
933000320188162,F1518,15,Cocaine
933000320188272,F1519,15,Cocaine
933000320188267,F1520,15,Cocaine
933000320187896,F1521,15,Cocaine
933000320187887,F1522,15,Cocaine
933000320187899,F1523,15,Cocaine
933000320187894,F1524,15,Cocaine
933000320187879,F1525,15,Cocaine
933000320188258,F1526,15,Cocaine
933000320049195,F1527,15,Cocaine
933000320187883,F1528,15,Cocaine
933000320049196,F1529,15,Cocaine
933000320188255,F1530,15,Cocaine
933000320187741,M1551,15,Cocaine
933000320187947,M1552,15,Cocaine
933000320188113,M1553,15,Cocaine
933000320187945,M1554,15,Cocaine
933000320187941,M1555,15,Cocaine
933000320188112,M1556,15,Cocaine
933000320187912,M1557,15,Cocaine
933000320187911,M1558,15,Cocaine
933000320187729,M1559,15,Cocaine
933000320187932,M1560,15,Cocaine
933000320188163,M1561,15,Cocaine
933000320188265,M1562,15,Cocaine
933000320188152,M1563,15,Cocaine
933000320188159,M1564,15,Cocaine
933000320188172,M1565,15,Cocaine
933000320188261,M1566,15,Cocaine
933000320188158,M1567,15,Cocaine
933000320188173,M1568,15,Cocaine
933000320188274,M1569,15,Cocaine
933000320188124,M1588,15,Cocaine
933000320187876,M1571,15,Cocaine
933000320187895,M1572,15,Cocaine
933000320187892,M1573,15,Cocaine
933000320188252,M1574,15,Cocaine
933000320188270,M1575,15,Cocaine
933000320187890,M1576,15,Cocaine
933000320049182,M1577,15,Cocaine
933000320188115,M1587,15,Cocaine
933000320187900,M1579,15,Cocaine
933000320187885,M1580,15,Cocaine
933000320187902,F1531,15,Cocaine
933000320187901,F1532,15,Cocaine
933000320187924,F1533,15,Cocaine
933000320187907,F1534,15,Cocaine
933000320187903,F1535,15,Cocaine
933000320187917,F1536,15,Cocaine
933000320187930,F1537,15,Cocaine
933000320187914,M1581,15,Cocaine
933000320188111,M1582,15,Cocaine
933000320187909,M1583,15,Cocaine
933000320187904,M1584,15,Cocaine
933000320188102,M1585,15,Cocaine
933000320187913,M1586,15,Cocaine
933000320188762,F1633,16,Cocaine
933000320188769,F1637,16,Cocaine
933000320188097,F1603,16,Cocaine
933000320188467,F1604,16,Cocaine
933000320188613,F1605,16,Cocaine
933000320188743,F1606,16,Cocaine
933000320188099,F1607,16,Cocaine
933000320188734,F1608,16,Cocaine
933000320188739,F1609,16,Cocaine
933000320188475,F1610,16,Cocaine
933000320188356,F1611,16,Cocaine
933000320188558,F1634,16,Cocaine
933000320188568,F1613,16,Cocaine
933000320187982,F1614,16,Cocaine
933000320187976,F1615,16,Cocaine
933000320188561,F1616,16,Cocaine
933000320188601,F1617,16,Cocaine
933000320188000,F1618,16,Cocaine
933000320187998,F1619,16,Cocaine
933000320188551,F1632,16,Cocaine
933000320188295,F1621,16,Cocaine
933000320188292,F1622,16,Cocaine
933000320188280,F1625,16,Cocaine
933000320188300,F1626,16,Cocaine
933000320188283,F1627,16,Cocaine
933000320188367,F1628,16,Cocaine
933000320188754,F1636,16,Cocaine
933000320188358,F1630,16,Cocaine
933000320188611,M1651,16,Cocaine
933000320188746,M1652,16,Cocaine
933000320188285,M1653,16,Cocaine
933000320188455,M1654,16,Cocaine
933000320188085,M1655,16,Cocaine
933000320188456,M1656,16,Cocaine
933000320188741,M1657,16,Cocaine
933000320188614,M1658,16,Cocaine
933000320188088,M1659,16,Cocaine
933000320188749,M1660,16,Cocaine
933000320188567,M1661,16,Cocaine
933000320187983,M1662,16,Cocaine
933000320187996,M1663,16,Cocaine
933000320187992,M1664,16,Cocaine
933000320187985,M1665,16,Cocaine
933000320188756,M1681,16,Cocaine
933000320188566,M1667,16,Cocaine
933000320188372,M1668,16,Cocaine
933000320188751,M1669,16,Cocaine
933000320187994,M1670,16,Cocaine
933000320188351,M1671,16,Cocaine
933000320188296,M1672,16,Cocaine
933000320188288,M1673,16,Cocaine
933000320188278,M1674,16,Cocaine
933000320188359,M1675,16,Cocaine
933000320188281,M1676,16,Cocaine
933000320188352,M1677,16,Cocaine
933000320188374,M1678,16,Cocaine
933000320188354,M1679,16,Cocaine
933000320188375,M1680,16,Cocaine
933000320188757,M1682,16,Cocaine
933000320188553,M1684,16,Cocaine
933000320188768,M1685,16,Cocaine
933000320188574,M1686,16,Cocaine
933000320188552,M1687,16,Cocaine
933000320188573,M1688,16,Cocaine
933000320188446,F1736,17,Cocaine
933000320188493,F1702,17,Cocaine
933000320188311,F1703,17,Cocaine
933000320188497,F1704,17,Cocaine
933000320188664,F1705,17,Cocaine
933000320188668,F1706,17,Cocaine
933000320188487,F1707,17,Cocaine
933000320188308,F1708,17,Cocaine
933000320188476,F1709,17,Cocaine
933000320500092,F1733,17,Cocaine
933000320188653,F1711,17,Cocaine
933000320188662,F1712,17,Cocaine
933000320188638,F1713,17,Cocaine
933000320188654,F1714,17,Cocaine
933000320188630,F1715,17,Cocaine
933000320188641,F1716,17,Cocaine
933000320188628,F1717,17,Cocaine
933000320188640,F1718,17,Cocaine
933000320188660,F1719,17,Cocaine
933000320188627,F1720,17,Cocaine
933000320188441,F1721,17,Cocaine
933000320500078,F1722,17,Cocaine
933000320188720,F1723,17,Cocaine
933000320500099,F1737,17,Cocaine
933000320188705,F1725,17,Cocaine
933000320188709,F1726,17,Cocaine
933000320188445,F1727,17,Cocaine
933000320500100,F1731,17,Cocaine
933000320500085,F1729,17,Cocaine
933000320188717,F1730,17,Cocaine
933000320188673,M1751,17,Cocaine
933000320188488,M1752,17,Cocaine
933000320188494,M1753,17,Cocaine
933000320188491,M1754,17,Cocaine
933000320188500,M1755,17,Cocaine
933000320188427,M1788,17,Cocaine
933000320188496,M1757,17,Cocaine
933000320188665,M1758,17,Cocaine
933000320188672,M1759,17,Cocaine
933000320188486,M1760,17,Cocaine
933000320188437,M1787,17,Cocaine
933000320188648,M1762,17,Cocaine
933000320188642,M1763,17,Cocaine
933000320188670,M1764,17,Cocaine
933000320188649,M1765,17,Cocaine
933000320188644,M1766,17,Cocaine
933000320188655,M1767,17,Cocaine
933000320188650,M1768,17,Cocaine
933000320188652,M1769,17,Cocaine
933000320188647,M1770,17,Cocaine
933000320188713,M1771,17,Cocaine
933000320500083,M1772,17,Cocaine
933000320500082,M1773,17,Cocaine
933000320188704,M1774,17,Cocaine
933000320188440,M1775,17,Cocaine
933000320188443,M1776,17,Cocaine
933000320188448,M1777,17,Cocaine
933000320188450,M1778,17,Cocaine
933000320188721,M1779,17,Cocaine
933000320188719,M1780,17,Cocaine
933000320188436,F1734,17,Cocaine
933000320500096,M1781,17,Cocaine
933000320188426,M1782,17,Cocaine
933000320500093,M1783,17,Cocaine
933000320188435,M1784,17,Cocaine
933000320500097,M1785,17,Cocaine
933000320500098,M1786,17,Cocaine
933000320499944,F1801,18,Cocaine
933000320500449,F1802,18,Cocaine
933000320500441,F1803,18,Cocaine
933000320499945,F1804,18,Cocaine
933000320499766,F1805,18,Cocaine
933000320500450,F1806,18,Cocaine
933000320499775,F1807,18,Cocaine
933000320500444,F1808,18,Cocaine
933000320500428,F1809,18,Cocaine
933000320499686,F1810,18,Cocaine
933000320499751,F1811,18,Cocaine
933000320500435,F1812,18,Cocaine
933000320499758,F1813,18,Cocaine
933000320499696,F1814,18,Cocaine
933000320500430,F1815,18,Cocaine
933000320499687,F1816,18,Cocaine
933000320499823,F1817,18,Cocaine
933000320499680,F1818,18,Cocaine
933000320499811,F1819,18,Cocaine
933000320499684,F1820,18,Cocaine
933000320499809,F1821,18,Cocaine
933000320499807,F1822,18,Cocaine
933000320499683,F1823,18,Cocaine
933000320499820,F1824,18,Cocaine
933000320500013,F1825,18,Cocaine
933000320500025,F1826,18,Cocaine
933000320500017,F1827,18,Cocaine
933000320499961,F1828,18,Cocaine
933000320500007,F1829,18,Cocaine
933000320499970,F1830,18,Cocaine
933000320499930,M1851,18,Cocaine
933000320500442,M1852,18,Cocaine
933000320499936,M1853,18,Cocaine
933000320500438,M1854,18,Cocaine
933000320499769,M1855,18,Cocaine
933000320500439,M1856,18,Cocaine
933000320499941,M1857,18,Cocaine
933000320500443,M1858,18,Cocaine
933000320500431,M1859,18,Cocaine
933000320499697,M1860,18,Cocaine
933000320499760,M1861,18,Cocaine
933000320499695,M1862,18,Cocaine
933000320499757,M1863,18,Cocaine
933000320499694,M1864,18,Cocaine
933000320500432,M1865,18,Cocaine
933000320499698,M1866,18,Cocaine
933000320499821,M1867,18,Cocaine
933000320499825,M1868,18,Cocaine
933000320499816,M1869,18,Cocaine
933000320499822,M1870,18,Cocaine
933000320499808,M1871,18,Cocaine
933000320499676,M1872,18,Cocaine
933000320499806,M1873,18,Cocaine
933000320499690,M1874,18,Cocaine
933000320500009,M1875,18,Cocaine
933000320500006,M1876,18,Cocaine
933000320499966,M1877,18,Cocaine
933000320499969,M1878,18,Cocaine
933000320500023,M1879,18,Cocaine
933000320500024,M1880,18,Cocaine
933000320499947,F1831,18,Cocaine
933000320499949,F1832,18,Cocaine
933000320499950,F1833,18,Cocaine
933000320499943,F1834,18,Cocaine
933000320499948,F1835,18,Cocaine
933000320499942,F1836,18,Cocaine
933000320499946,F1837,18,Cocaine
933000320500057,M1881,18,Cocaine
933000320500051,M1882,18,Cocaine
933000320499934,M1883,18,Cocaine
933000320500052,M1884,18,Cocaine
933000320499931,M1885,18,Cocaine
933000320499932,M1886,18,Cocaine
933000320500321,M1887,18,Cocaine
933000320499926,M1888,18,Cocaine
933000320500222,F1901,19,Cocaine
933000320499860,F1902,19,Cocaine
933000320499870,F1903,19,Cocaine
933000320499873,F1904,19,Cocaine
933000320499858,F1905,19,Cocaine
933000320500216,F1906,19,Cocaine
933000320499874,F1907,19,Cocaine
933000320499863,F1908,19,Cocaine
933000320500213,F1909,19,Cocaine
933000320500203,F1910,19,Cocaine
933000320500155,F1911,19,Cocaine
933000320500206,F1912,19,Cocaine
933000320499672,F1931,19,Cocaine
933000320499674,F1914,19,Cocaine
933000320499673,F1915,19,Cocaine
933000320500154,F1916,19,Cocaine
933000320524294,F1917,19,Cocaine
933000320499661,F1932,19,Cocaine
933000320500360,F1919,19,Cocaine
933000320524293,F1920,19,Cocaine
933000320524291,F1921,19,Cocaine
933000320524285,F1922,19,Cocaine
933000320524290,F1923,19,Cocaine
933000320500351,F1924,19,Cocaine
933000320524225,F1925,19,Cocaine
933000320524210,F1926,19,Cocaine
933000320524212,F1927,19,Cocaine
933000320499656,F1937,19,Cocaine
933000320524220,F1929,19,Cocaine
933000320524221,F1930,19,Cocaine
933000320499871,M1951,19,Cocaine
933000320499851,M1952,19,Cocaine
933000320500221,M1953,19,Cocaine
933000320499857,M1954,19,Cocaine
933000320499866,M1955,19,Cocaine
933000320499862,M1956,19,Cocaine
933000320499872,M1957,19,Cocaine
933000320500223,M1958,19,Cocaine
933000320500215,M1959,19,Cocaine
933000320500218,M1960,19,Cocaine
933000320499668,M1961,19,Cocaine
933000320500152,M1962,19,Cocaine
933000320500153,M1963,19,Cocaine
933000320500201,M1964,19,Cocaine
933000320500208,M1965,19,Cocaine
933000320499666,M1966,19,Cocaine
933000320524295,M1967,19,Cocaine
933000320524292,M1968,19,Cocaine
933000320524284,M1969,19,Cocaine
933000320500365,M1970,19,Cocaine
933000320524286,M1971,19,Cocaine
933000320524296,M1972,19,Cocaine
933000320524289,M1973,19,Cocaine
933000320500357,M1974,19,Cocaine
933000320524224,M1975,19,Cocaine
933000320524276,M1976,19,Cocaine
933000320524208,M1977,19,Cocaine
933000320524209,M1978,19,Cocaine
933000320524213,M1979,19,Cocaine
933000320524223,M1980,19,Cocaine
933000320499662,M1984,19,Cocaine
933000320499672,F1931,19,Cocaine
933000320524280,F1918,19,Cocaine
933000320499670,F1938,19,Cocaine
933000320500202,F1913,19,Cocaine
933000320524218,F1928,19,Cocaine
933000320499667,F1933,19,Cocaine
933000320499669,F1934,19,Cocaine
933000320499660,F1935,19,Cocaine
933000320499663,F1936,19,Cocaine
933000320499653,M1981,19,Cocaine
933000320499652,M1982,19,Cocaine
933000320499654,M1983,19,Cocaine
933000320499657,M1985,19,Cocaine
933000320499655,M1986,19,Cocaine
933000320499651,M1987,19,Cocaine
933000320525534,F2001,20,Cocaine
933000320525542,F2002,20,Cocaine
933000320525528,F2003,20,Cocaine
933000320525538,F2004,20,Cocaine
933000320525255,F2005,20,Cocaine
933000320525522,F2006,20,Cocaine
933000320525304,F2007,20,Cocaine
933000320525373,F2008,20,Cocaine
933000320525293,F2009,20,Cocaine
933000320525408,F2010,20,Cocaine
933000320525277,F2011,20,Cocaine
933000320525513,F2012,20,Cocaine
933000320525506,F2013,20,Cocaine
933000320525291,F2014,20,Cocaine
933000320525283,F2015,20,Cocaine
933000320525406,F2016,20,Cocaine
933000320525251,F2017,20,Cocaine
933000320525550,F2018,20,Cocaine
933000320525348,F2019,20,Cocaine
933000320525325,F2020,20,Cocaine
933000320525428,F2021,20,Cocaine
933000320525302,F2022,20,Cocaine
933000320525337,F2023,20,Cocaine
933000320525427,F2024,20,Cocaine
933000320525465,F2025,20,Cocaine
933000320525351,F2026,20,Cocaine
933000320525464,F2027,20,Cocaine
933000320525363,F2028,20,Cocaine
933000320525365,F2029,20,Cocaine
933000320525355,F2030,20,Cocaine
933000320525258,M2051,20,Cocaine
933000320525540,M2052,20,Cocaine
933000320525524,M2053,20,Cocaine
933000320525549,M2054,20,Cocaine
933000320525539,M2055,20,Cocaine
933000320525252,M2056,20,Cocaine
933000320525543,M2057,20,Cocaine
933000320525523,M2058,20,Cocaine
933000320525288,M2059,20,Cocaine
933000320525300,M2060,20,Cocaine
933000320525407,M2061,20,Cocaine
933000320525520,M2062,20,Cocaine
933000320525309,M2063,20,Cocaine
933000320525321,M2064,20,Cocaine
933000320525350,M2065,20,Cocaine
933000320525441,M2066,20,Cocaine
933000320525349,M2067,20,Cocaine
933000320525301,M2068,20,Cocaine
933000320525442,M2069,20,Cocaine
933000320525314,M2070,20,Cocaine
933000320525284,M2071,20,Cocaine
933000320525296,M2072,20,Cocaine
933000320525411,M2073,20,Cocaine
933000320525514,M2074,20,Cocaine
933000320525352,M2075,20,Cocaine
933000320525372,M2076,20,Cocaine
933000320525470,M2077,20,Cocaine
933000320525466,M2078,20,Cocaine
933000320525371,M2079,20,Cocaine
933000320525360,M2080,20,Cocaine
933000320525409,F2031,20,Cocaine
933000320525410,F2032,20,Cocaine
933000320525401,F2033,20,Cocaine
933000320525294,F2034,20,Cocaine
933000320525405,F2035,20,Cocaine
933000320525404,F2036,20,Cocaine
933000320525295,F2037,20,Cocaine
933000320525507,M2081,20,Cocaine
933000320525503,M2082,20,Cocaine
933000320525505,M2083,20,Cocaine
933000320525501,M2084,20,Cocaine
933000320525508,M2085,20,Cocaine
933000320525502,M2086,20,Cocaine
933000320525510,M2087,20,Cocaine
933000320525504,M2088,20,Cocaine
933000120138681,F101,1,Oxycodone
933000120138443,F102,1,Oxycodone
933000120138699,F103,1,Oxycodone
933000120138703,F104,1,Oxycodone
933000120138613,F105,1,Oxycodone
933000120138620,F106,1,Oxycodone
933000120138610,F107,1,Oxycodone
933000120138606,F108,1,Oxycodone
933000120138422,F109,1,Oxycodone
933000120138425,F110,1,Oxycodone
933000120138430,F111,1,Oxycodone
933000120138429,F112,1,Oxycodone
933000120138426,F113,1,Oxycodone
933000120138408,F114,1,Oxycodone
933000120138710,F115,1,Oxycodone
933000120138729,F116,1,Oxycodone
933000120138723,F117,1,Oxycodone
933000120138720,F118,1,Oxycodone
933000120138709,F119,1,Oxycodone
933000120138721,F120,1,Oxycodone
933000120138706,F121,1,Oxycodone
933000120138751,F122,1,Oxycodone
933000120138733,F123,1,Oxycodone
933000120138731,F124,1,Oxycodone
933000120138738,F125,1,Oxycodone
933000120138745,F126,1,Oxycodone
933000120138753,F127,1,Oxycodone
933000120138445,F128,1,Oxycodone
933000120138450,F129,1,Oxycodone
933000120138441,F130,1,Oxycodone
933000120138488,M151,1,Oxycodone
933000120138489,M152,1,Oxycodone
933000120138621,M153,1,Oxycodone
933000120138693,M154,1,Oxycodone
933000120138625,M155,1,Oxycodone
933000120138695,M156,1,Oxycodone
933000120138626,M157,1,Oxycodone
933000120138617,M158,1,Oxycodone
933000120138419,M159,1,Oxycodone
933000120138416,M160,1,Oxycodone
933000120138418,M161,1,Oxycodone
933000120138428,M162,1,Oxycodone
933000120138421,M163,1,Oxycodone
933000120138423,M164,1,Oxycodone
933000120138719,M165,1,Oxycodone
933000120138713,M166,1,Oxycodone
933000120138727,M167,1,Oxycodone
933000120138716,M168,1,Oxycodone
933000120138725,M169,1,Oxycodone
933000120138433,M170,1,Oxycodone
933000120138714,M171,1,Oxycodone
933000120138728,M172,1,Oxycodone
933000120138742,M173,1,Oxycodone
933000120138737,M174,1,Oxycodone
933000120138741,M175,1,Oxycodone
933000120138755,M176,1,Oxycodone
933000120138752,M177,1,Oxycodone
933000120138739,M178,1,Oxycodone
933000120138438,M179,1,Oxycodone
933000120138452,M180,1,Oxycodone
933000120138608,F131,1,Oxycodone
933000120138704,F132,1,Oxycodone
933000120138612,F133,1,Oxycodone
933000120138624,F134,1,Oxycodone
933000120138740,F135,1,Oxycodone
933000120138749,F136,1,Oxycodone
933000120138747,F137,1,Oxycodone
933000120138735,F138,1,Oxycodone
933000120138628,M181,1,Oxycodone
933000120138622,M182,1,Oxycodone
933000120138746,M183,1,Oxycodone
933000120138444,M184,1,Oxycodone
933000120138449,M185,1,Oxycodone
933000120138451,M186,1,Oxycodone
933000120138439,M187,1,Oxycodone
933000120138442,M188,1,Oxycodone
933000320045738,F301,3,Oxycodone
933000320045726,F302,3,Oxycodone
933000320045747,F303,3,Oxycodone
933000320045734,F304,3,Oxycodone
933000320045669,F305,3,Oxycodone
933000320045655,F306,3,Oxycodone
933000320046133,F307,3,Oxycodone
933000320046134,F308,3,Oxycodone
933000320045780,F309,3,Oxycodone
933000320045728,F310,3,Oxycodone
933000320046620,F311,3,Oxycodone
933000320046603,F312,3,Oxycodone
933000320045789,F313,3,Oxycodone
933000320045748,F314,3,Oxycodone
933000320046399,F315,3,Oxycodone
933000320046394,F316,3,Oxycodone
933000320046096,F317,3,Oxycodone
933000320045666,F318,3,Oxycodone
933000320046389,F319,3,Oxycodone
933000320046532,F320,3,Oxycodone
933000320046145,F321,3,Oxycodone
933000320046604,F322,3,Oxycodone
933000320045732,F323,3,Oxycodone
933000320046544,F324,3,Oxycodone
933000320046128,F325,3,Oxycodone
933000320046095,F326,3,Oxycodone
933000320045743,F327,3,Oxycodone
933000320045782,F328,3,Oxycodone
933000320046139,F329,3,Oxycodone
933000320046150,F330,3,Oxycodone
933000320046126,M351,3,Oxycodone
933000320045673,M352,3,Oxycodone
933000320045798,M353,3,Oxycodone
933000320045737,M354,3,Oxycodone
933000320046392,M355,3,Oxycodone
933000320046388,M356,3,Oxycodone
933000320045663,M357,3,Oxycodone
933000320045651,M358,3,Oxycodone
933000320046622,M359,3,Oxycodone
933000320046623,M360,3,Oxycodone
933000320045796,M361,3,Oxycodone
933000320045746,M362,3,Oxycodone
933000320046619,M363,3,Oxycodone
933000320046612,M364,3,Oxycodone
933000320046614,M365,3,Oxycodone
933000320046089,M366,3,Oxycodone
933000320045783,M367,3,Oxycodone
933000320045995,M368,3,Oxycodone
933000320046147,M369,3,Oxycodone
933000320046142,M370,3,Oxycodone
933000320045749,M371,3,Oxycodone
933000320045733,M372,3,Oxycodone
933000320046384,M373,3,Oxycodone
933000320046080,M374,3,Oxycodone
933000320045727,M375,3,Oxycodone
933000320045731,M376,3,Oxycodone
933000320046610,M377,3,Oxycodone
933000320046100,M378,3,Oxycodone
933000320045654,M379,3,Oxycodone
933000320046149,M380,3,Oxycodone
933000320046087,F331,3,Oxycodone
933000320045739,F332,3,Oxycodone
933000320046386,F333,3,Oxycodone
933000320046383,F334,3,Oxycodone
933000320045730,F335,3,Oxycodone
933000320045729,F336,3,Oxycodone
933000320045795,M381,3,Oxycodone
933000320045776,M382,3,Oxycodone
933000320046606,M383,3,Oxycodone
933000320046545,M384,3,Oxycodone
933000320046132,M385,3,Oxycodone
933000320046398,M386,3,Oxycodone
933000320046082,M387,3,Oxycodone
933000320046909.0,F401,4,Oxycodone
933000320046925.0,F402,4,Oxycodone
933000320047106.0,F403,4,Oxycodone
933000320046901.0,F404,4,Oxycodone
933000320046917.0,F405,4,Oxycodone
933000320046914.0,F406,4,Oxycodone
933000320047101.0,F407,4,Oxycodone
933000320046906.0,F408,4,Oxycodone
933000320047113.0,F409,4,Oxycodone
933000320047117.0,F410,4,Oxycodone
933000320047485.0,F411,4,Oxycodone
933000320047271.0,F412,4,Oxycodone
933000320047454.0,F413,4,Oxycodone
933000320047266.0,F414,4,Oxycodone
933000320047452.0,F415,4,Oxycodone
933000320047486.0,F416,4,Oxycodone
933000320047461.0,F417,4,Oxycodone
933000320047479.0,F418,4,Oxycodone
933000320047468.0,F419,4,Oxycodone
933000320047267.0,F420,4,Oxycodone
933000320047278.0,F421,4,Oxycodone
933000320047291.0,F422,4,Oxycodone
933000320047294.0,F423,4,Oxycodone
933000320046912.0,F424,4,Oxycodone
933000320047128.0,F425,4,Oxycodone
933000320047289.0,F426,4,Oxycodone
933000320047139.0,F427,4,Oxycodone
933000320047134.0,F428,4,Oxycodone
933000320046913.0,F429,4,Oxycodone
933000320047149.0,F430,4,Oxycodone
933000320047141.0,M451,4,Oxycodone
933000320047145.0,M452,4,Oxycodone
933000320047292.0,M453,4,Oxycodone
933000320047284.0,M454,4,Oxycodone
933000320047148.0,M455,4,Oxycodone
933000320047146.0,M456,4,Oxycodone
933000320047138.0,M457,4,Oxycodone
933000320047297.0,M458,4,Oxycodone
933000320047131.0,M459,4,Oxycodone
933000320046924.0,M460,4,Oxycodone
933000320046905.0,M461,4,Oxycodone
933000320046911.0,M462,4,Oxycodone
933000320046918.0,M463,4,Oxycodone
933000320047123.0,M464,4,Oxycodone
933000320046908.0,M465,4,Oxycodone
933000320047124.0,M466,4,Oxycodone
933000320047102.0,M467,4,Oxycodone
933000320046921.0,M468,4,Oxycodone
933000320046903.0,M469,4,Oxycodone
933000320047107.0,M470,4,Oxycodone
933000320047480.0,M471,4,Oxycodone
933000320047451.0,M472,4,Oxycodone
933000320047478.0,M473,4,Oxycodone
933000320047489.0,M474,4,Oxycodone
933000320047253.0,M475,4,Oxycodone
933000320047118.0,M476,4,Oxycodone
933000320047458.0,M477,4,Oxycodone
933000320047484.0,M478,4,Oxycodone
933000320047120.0,M479,4,Oxycodone
933000320047257.0,M480,4,Oxycodone
933000320047263.0,F431,4,Oxycodone
933000320047469.0,F432,4,Oxycodone
933000320047269.0,F433,4,Oxycodone
933000320047258.0,F434,4,Oxycodone
,F435,4,Oxycodone
933000320047273.0,F436,4,Oxycodone
933000320047453.0,F437,4,Oxycodone
,F438,4,Oxycodone
933000320047492.0,M481,4,Oxycodone
933000320047272.0,M482,4,Oxycodone
933000320047499.0,M483,4,Oxycodone
933000320047463.0,M484,4,Oxycodone
933000320047460.0,M485,4,Oxycodone
933000320047457.0,M486,4,Oxycodone
933000320047465.0,M487,4,Oxycodone
933000320047050,F501,5,Oxycodone
933000320046809,F502,5,Oxycodone
933000320047336,F503,5,Oxycodone
933000320046817,F504,5,Oxycodone
933000320047348,F505,5,Oxycodone
933000320046808,F506,5,Oxycodone
933000320047344,F507,5,Oxycodone
933000320047350,F508,5,Oxycodone
933000320046802,F509,5,Oxycodone
933000320047043,F510,5,Oxycodone
933000320046821,F511,5,Oxycodone
933000320047586,F512,5,Oxycodone
933000320047580,F513,5,Oxycodone
933000320047007,F514,5,Oxycodone
933000320047589,F515,5,Oxycodone
933000320047022,F516,5,Oxycodone
933000320047596,F517,5,Oxycodone
933000320047587,F518,5,Oxycodone
933000320046820,F519,5,Oxycodone
933000320047015,F520,5,Oxycodone
933000320047025,F521,5,Oxycodone
933000320046843,F522,5,Oxycodone
933000320047155,F523,5,Oxycodone
933000320046830,F524,5,Oxycodone
933000320047153,F525,5,Oxycodone
933000320046828,F526,5,Oxycodone
933000320047158,F527,5,Oxycodone
933000320047156,F528,5,Oxycodone
933000320047021,F529,5,Oxycodone
933000320046826,F530,5,Oxycodone
933000320047381,F531,5,Oxycodone
933000320047384,F532,5,Oxycodone
933000320047400,F533,5,Oxycodone
933000320047010,F534,5,Oxycodone
933000320047024,F535,5,Oxycodone
933000320047002,F536,5,Oxycodone
933000320046835,F537,5,Oxycodone
933000320047023,F538,5,Oxycodone
933000320047046,M551,5,Oxycodone
933000320046824,M552,5,Oxycodone
933000320047033,M553,5,Oxycodone
933000320047349,M554,5,Oxycodone
933000320047326,M555,5,Oxycodone
933000320046811,M556,5,Oxycodone
933000320046804,M557,5,Oxycodone
933000320047347,M558,5,Oxycodone
933000320047328,M559,5,Oxycodone
933000320046816,M560,5,Oxycodone
933000320047597,M561,5,Oxycodone
933000320046819,M562,5,Oxycodone
933000320047003,M563,5,Oxycodone
933000320047018,M564,5,Oxycodone
933000320047008,M565,5,Oxycodone
933000320047594,M566,5,Oxycodone
933000320046806,M567,5,Oxycodone
933000320047585,M568,5,Oxycodone
933000320046805,M569,5,Oxycodone
933000320046803,M570,5,Oxycodone
933000320047020,M571,5,Oxycodone
933000320046844,M572,5,Oxycodone
933000320046840,M573,5,Oxycodone
933000320047151,M574,5,Oxycodone
933000320046850,M575,5,Oxycodone
933000320047168,M576,5,Oxycodone
933000320047170,M577,5,Oxycodone
933000320046839,M578,5,Oxycodone
933000320047004,M579,5,Oxycodone
933000320047173,M580,5,Oxycodone
933000320047386,M581,5,Oxycodone
933000320046848,M582,5,Oxycodone
933000320046849,M583,5,Oxycodone
933000320046829,M584,5,Oxycodone
933000320046845,M585,5,Oxycodone
933000320046838,M586,5,Oxycodone
933000320046827,M587,5,Oxycodone
933000320047908,F601,6,Oxycodone
933000320047868,F602,6,Oxycodone
933000320047856,F603,6,Oxycodone
933000320047916,F604,6,Oxycodone
933000320047901,F605,6,Oxycodone
933000320047919,F606,6,Oxycodone
933000320047874,F607,6,Oxycodone
933000320047858,F608,6,Oxycodone
933000320047917,F609,6,Oxycodone
933000320047918,F610,6,Oxycodone
933000320047877,F611,6,Oxycodone
933000320047938,F612,6,Oxycodone
933000320047934,F613,6,Oxycodone
933000320047671,F614,6,Oxycodone
933000320186794,F615,6,Oxycodone
933000320186795,F616,6,Oxycodone
933000320047886,F617,6,Oxycodone
933000320047891,F618,6,Oxycodone
933000320047675,F619,6,Oxycodone
933000320047898,F620,6,Oxycodone
933000320186853,F621,6,Oxycodone
933000320186820,F622,6,Oxycodone
933000320186859,F623,6,Oxycodone
933000320186823,F624,6,Oxycodone
933000320186826,F625,6,Oxycodone
933000320186920,F626,6,Oxycodone
933000320186841,F627,6,Oxycodone
933000320186844,F628,6,Oxycodone
933000320186817,F629,6,Oxycodone
933000320186818,F630,6,Oxycodone
933000320186789,F631,6,Oxycodone
933000320186787,F632,6,Oxycodone
933000320186793,F633,6,Oxycodone
933000320186776,F634,6,Oxycodone
933000320186788,F635,6,Oxycodone
933000320186919,F636,6,Oxycodone
933000320186784,F637,6,Oxycodone
933000320047943,M651,6,Oxycodone
933000320047668,M652,6,Oxycodone
933000320047902,M653,6,Oxycodone
933000320047866,M654,6,Oxycodone
933000320047925,M655,6,Oxycodone
933000320047932,M656,6,Oxycodone
933000320047852,M657,6,Oxycodone
933000320047903,M658,6,Oxycodone
933000320047905,M659,6,Oxycodone
933000320047656,M660,6,Oxycodone
933000320047893,M661,6,Oxycodone
933000320047881,M662,6,Oxycodone
933000320047896,M663,6,Oxycodone
933000320047669,M664,6,Oxycodone
933000320047894,M665,6,Oxycodone
933000320047890,M666,6,Oxycodone
933000320047672,M667,6,Oxycodone
933000320047661,M668,6,Oxycodone
933000320047876,M669,6,Oxycodone
933000320047664,M670,6,Oxycodone
933000320186911,M671,6,Oxycodone
933000320186845,M672,6,Oxycodone
933000320186796,M673,6,Oxycodone
933000320186865,M674,6,Oxycodone
933000320186835,M675,6,Oxycodone
933000320047895,M676,6,Oxycodone
933000320186847,M677,6,Oxycodone
933000320186910,M678,6,Oxycodone
933000320186856,M679,6,Oxycodone
933000320186809,M680,6,Oxycodone
933000320186798,M681,6,Oxycodone
933000320186838,M682,6,Oxycodone
933000320186922,M683,6,Oxycodone
933000320047655,M684,6,Oxycodone
933000320047948,M685,6,Oxycodone
933000320047924,M686,6,Oxycodone
933000320047945,M687,6,Oxycodone
933000320187248,F701,7,Oxycodone
933000320186967,F702,7,Oxycodone
933000320187231,F703,7,Oxycodone
933000320186974,F704,7,Oxycodone
933000320186993,F705,7,Oxycodone
933000320186995,F706,7,Oxycodone
933000320187237,F707,7,Oxycodone
933000320187241,F708,7,Oxycodone
933000320186991,F709,7,Oxycodone
933000320187230,F710,7,Oxycodone
933000320187357,F711,7,Oxycodone
933000320187083,F712,7,Oxycodone
933000320186900,F713,7,Oxycodone
933000320187161,F714,7,Oxycodone
933000320186885,F715,7,Oxycodone
933000320187082,F716,7,Oxycodone
933000320187099,F717,7,Oxycodone
933000320187166,F718,7,Oxycodone
933000320187195,F719,7,Oxycodone
933000320187197,F720,7,Oxycodone
933000320187220,F721,7,Oxycodone
933000320187325,F722,7,Oxycodone
933000320187216,F723,7,Oxycodone
933000320187210,F724,7,Oxycodone
933000320186897,F725,7,Oxycodone
933000320187316,F726,7,Oxycodone
933000320186878,F727,7,Oxycodone
933000320187213,F728,7,Oxycodone
933000320187168,F729,7,Oxycodone
933000320187314,F730,7,Oxycodone
933000320187184,F731,7,Oxycodone
933000320187185,F732,7,Oxycodone
933000320186960,F733,7,Oxycodone
933000320187315,F734,7,Oxycodone
933000320186951,F735,7,Oxycodone
933000320187182,F736,7,Oxycodone
933000320187305,F737,7,Oxycodone
933000320187250,M751,7,Oxycodone
933000320187359,M752,7,Oxycodone
933000320186965,M753,7,Oxycodone
933000320186998,M754,7,Oxycodone
933000320187226,M755,7,Oxycodone
933000320186990,M756,7,Oxycodone
933000320186966,M757,7,Oxycodone
933000320186977,M758,7,Oxycodone
933000320187238,M759,7,Oxycodone
933000320187243,M760,7,Oxycodone
933000320187100,M761,7,Oxycodone
933000320187086,M762,7,Oxycodone
933000320187152,M763,7,Oxycodone
933000320187084,M764,7,Oxycodone
933000320186890,M765,7,Oxycodone
933000320187169,M766,7,Oxycodone
933000320187170,M767,7,Oxycodone
933000320186899,M768,7,Oxycodone
933000320187164,M769,7,Oxycodone
933000320187094,M770,7,Oxycodone
933000320187221,M771,7,Oxycodone
933000320187324,M772,7,Oxycodone
933000320186887,M773,7,Oxycodone
933000320187206,M774,7,Oxycodone
933000320187211,M775,7,Oxycodone
933000320187186,M776,7,Oxycodone
933000320187198,M777,7,Oxycodone
933000320187323,M778,7,Oxycodone
933000320187218,M779,7,Oxycodone
933000320186886,M780,7,Oxycodone
933000320187309,M781,7,Oxycodone
933000320187178,M782,7,Oxycodone
933000320187139,M783,7,Oxycodone
933000320187308,M784,7,Oxycodone
933000320187310,M785,7,Oxycodone
933000320187307,M786,7,Oxycodone
933000320187129,M787,7,Oxycodone
933000320048606,F901,9,Oxycodone
933000320048754,F902,9,Oxycodone
933000320048758,F903,9,Oxycodone
933000320048335,F904,9,Oxycodone
933000320048341,F905,9,Oxycodone
933000320048625,F906,9,Oxycodone
933000320048619,F907,9,Oxycodone
933000320048611,F908,9,Oxycodone
933000320048140,F909,9,Oxycodone
933000320048134,F910,9,Oxycodone
933000320048337,F911,9,Oxycodone
933000320048203,F912,9,Oxycodone
933000320048546,F913,9,Oxycodone
933000320048347,F914,9,Oxycodone
933000320048146,F915,9,Oxycodone
933000320048536,F916,9,Oxycodone
933000320048137,F917,9,Oxycodone
933000320048141,F918,9,Oxycodone
933000320048550,F919,9,Oxycodone
933000320048548,F920,9,Oxycodone
933000320048543,F931,9,Oxycodone
933000320048538,F932,9,Oxycodone
933000320048217,F933,9,Oxycodone
933000320048530,F934,9,Oxycodone
933000320048549,F935,9,Oxycodone
933000320048756,M951,9,Oxycodone
933000320048340,M952,9,Oxycodone
933000320048602,M953,9,Oxycodone
933000320048767,M954,9,Oxycodone
933000320048345,M955,9,Oxycodone
933000320048617,M956,9,Oxycodone
933000320048610,M957,9,Oxycodone
933000320048608,M958,9,Oxycodone
933000320048139,M959,9,Oxycodone
933000320048593,M960,9,Oxycodone
933000320048136,M961,9,Oxycodone
933000320048209,M962,9,Oxycodone
933000320048128,M963,9,Oxycodone
933000320048579,M964,9,Oxycodone
933000320048349,M965,9,Oxycodone
933000320048127,M966,9,Oxycodone
933000320048215,M967,9,Oxycodone
933000320048532,M968,9,Oxycodone
933000320048542,M969,9,Oxycodone
933000320048220,M970,9,Oxycodone
933000320048334,M981,9,Oxycodone
933000320048545,M982,9,Oxycodone
933000320048225,M983,9,Oxycodone
933000320048531,M984,9,Oxycodone
933000320048210,M985,9,Oxycodone
933000320048779,F1001,10,Oxycodone
933000320049043,F1002,10,Oxycodone
933000320049032,F1003,10,Oxycodone
933000320049045,F1004,10,Oxycodone
933000320048786,F1005,10,Oxycodone
933000320048793,F1006,10,Oxycodone
933000320049027,F1007,10,Oxycodone
933000320048783,F1008,10,Oxycodone
933000320048940,F1009,10,Oxycodone
933000320049140,F1010,10,Oxycodone
933000320048792,F1011,10,Oxycodone
933000320048936,F1012,10,Oxycodone
933000320049128,F1013,10,Oxycodone
933000320049144,F1014,10,Oxycodone
933000320048795,F1015,10,Oxycodone
933000320049146,F1016,10,Oxycodone
933000320049137,F1017,10,Oxycodone
933000320048991,F1018,10,Oxycodone
933000320048633,F1019,10,Oxycodone
933000320049169,F1020,10,Oxycodone
933000320049129,F1021,10,Oxycodone
933000320048982,F1022,10,Oxycodone
933000320049168,F1023,10,Oxycodone
933000320048650,F1024,10,Oxycodone
933000320048723,F1025,10,Oxycodone
933000320048707,F1026,10,Oxycodone
933000320048956,F1027,10,Oxycodone
933000320048967,F1028,10,Oxycodone
933000320048708,F1029,10,Oxycodone
933000320048701,F1030,10,Oxycodone
933000320049171,F1031,10,Oxycodone
933000320049152,F1032,10,Oxycodone
933000320048980,F1033,10,Oxycodone
933000320048705,F1034,10,Oxycodone
933000320048978,F1035,10,Oxycodone
933000320049165,F1036,10,Oxycodone
933000320048717,F1037,10,Oxycodone
933000320049156,F1038,10,Oxycodone
933000320048796,M1051,10,Oxycodone
933000320048777,M1052,10,Oxycodone
933000320048944,M1053,10,Oxycodone
933000320049127,M1054,10,Oxycodone
933000320049141,M1055,10,Oxycodone
933000320048949,M1056,10,Oxycodone
933000320187461,M1057,10,Oxycodone
933000320048785,M1058,10,Oxycodone
933000320049148,M1059,10,Oxycodone
933000320049143,M1060,10,Oxycodone
933000320048983,M1061,10,Oxycodone
933000320049163,M1062,10,Oxycodone
933000320048636,M1063,10,Oxycodone
933000320048640,M1064,10,Oxycodone
933000320049160,M1065,10,Oxycodone
933000320049134,M1066,10,Oxycodone
933000320048984,M1067,10,Oxycodone
933000320048645,M1068,10,Oxycodone
933000320048969,M1069,10,Oxycodone
933000320048957,M1070,10,Oxycodone
933000320048714,M1071,10,Oxycodone
933000320048718,M1072,10,Oxycodone
933000320048719,M1073,10,Oxycodone
933000320048720,M1074,10,Oxycodone
933000320049049,M1075,10,Oxycodone
933000320049031,M1076,10,Oxycodone
933000320049030,M1077,10,Oxycodone
933000320048776,M1078,10,Oxycodone
933000320049026,M1079,10,Oxycodone
933000320048794,M1080,10,Oxycodone
933000320048628,M1081,10,Oxycodone
933000320048649,M1082,10,Oxycodone
933000320048643,M1083,10,Oxycodone
933000320048992,M1084,10,Oxycodone
933000320048626,M1085,10,Oxycodone
933000320048627,M1086,10,Oxycodone
933000320049164,M1087,10,Oxycodone
933000320187884,F1101,11,Oxycodone
933000320187891,F1102,11,Oxycodone
933000320187898,F1103,11,Oxycodone
933000320188254,F1104,11,Oxycodone
933000320188259,F1105,11,Oxycodone
933000320187889,F1106,11,Oxycodone
933000320049178,F1107,11,Oxycodone
933000320187886,F1108,11,Oxycodone
933000320049188,F1109,11,Oxycodone
933000320187880,F1110,11,Oxycodone
933000320188275,F1111,11,Oxycodone
933000320188160,F1112,11,Oxycodone
933000320188175,F1113,11,Oxycodone
933000320188151,F1114,11,Oxycodone
933000320188167,F1115,11,Oxycodone
933000320188253,F1116,11,Oxycodone
933000320188166,F1117,11,Oxycodone
933000320188266,F1118,11,Oxycodone
933000320188257,F1119,11,Oxycodone
933000320188168,F1120,11,Oxycodone
933000320187922,F1121,11,Oxycodone
933000320187918,F1122,11,Oxycodone
933000320187936,F1123,11,Oxycodone
933000320187934,F1124,11,Oxycodone
933000320187948,F1125,11,Oxycodone
933000320187944,F1126,11,Oxycodone
933000320187949,F1127,11,Oxycodone
933000320187927,F1128,11,Oxycodone
933000320188117,F1129,11,Oxycodone
933000320188109,F1130,11,Oxycodone
933000320188121,F1131,11,Oxycodone
933000320188123,F1132,11,Oxycodone
933000320187916,F1133,11,Oxycodone
933000320187908,F1134,11,Oxycodone
933000320188119,F1135,11,Oxycodone
933000320187915,F1136,11,Oxycodone
933000320187921,F1137,11,Oxycodone
933000320188120,F1138,11,Oxycodone
933000320187940,M1151,11,Oxycodone
933000320187950,M1152,11,Oxycodone
933000320187937,M1153,11,Oxycodone
933000320187942,M1154,11,Oxycodone
933000320188114,M1155,11,Oxycodone
933000320187926,M1156,11,Oxycodone
933000320187923,M1157,11,Oxycodone
933000320188108,M1158,11,Oxycodone
933000320187935,M1159,11,Oxycodone
933000320187919,M1160,11,Oxycodone
933000320188269,M1161,11,Oxycodone
933000320188161,M1162,11,Oxycodone
933000320188170,M1163,11,Oxycodone
933000320188155,M1164,11,Oxycodone
933000320188263,M1165,11,Oxycodone
933000320188165,M1166,11,Oxycodone
933000320188256,M1167,11,Oxycodone
933000320188164,M1168,11,Oxycodone
933000320188157,M1169,11,Oxycodone
933000320188268,M1170,11,Oxycodone
933000320049179,M1171,11,Oxycodone
933000320188260,M1172,11,Oxycodone
933000320049199,M1173,11,Oxycodone
933000320187877,M1174,11,Oxycodone
933000320187878,M1175,11,Oxycodone
933000320187881,M1176,11,Oxycodone
933000320187897,M1177,11,Oxycodone
933000320188251,M1178,11,Oxycodone
933000320187882,M1179,11,Oxycodone
933000320187888,M1180,11,Oxycodone
933000320188106,M1181,11,Oxycodone
933000320188101,M1182,11,Oxycodone
933000320188125,M1183,11,Oxycodone
933000320188104,M1184,11,Oxycodone
933000320188116,M1185,11,Oxycodone
933000320188103,M1186,11,Oxycodone
933000320188105,M1187,11,Oxycodone
933000320188737,F1201,12,Oxycodone
933000320188464,F1202,12,Oxycodone
933000320188625,F1203,12,Oxycodone
933000320188081,F1204,12,Oxycodone
933000320188732,F1205,12,Oxycodone
933000320188747,F1206,12,Oxycodone
933000320188465,F1207,12,Oxycodone
933000320188083,F1208,12,Oxycodone
933000320188730,F1209,12,Oxycodone
933000320188616,F1210,12,Oxycodone
933000320187988,F1211,12,Oxycodone
933000320187995,F1212,12,Oxycodone
933000320187993,F1213,12,Oxycodone
933000320187987,F1214,12,Oxycodone
933000320188572,F1215,12,Oxycodone
933000320187997,F1216,12,Oxycodone
933000320188575,F1217,12,Oxycodone
933000320187978,F1218,12,Oxycodone
933000320188363,F1219,12,Oxycodone
933000320188373,F1220,12,Oxycodone
933000320188284,F1221,12,Oxycodone
933000320188294,F1222,12,Oxycodone
933000320188289,F1223,12,Oxycodone
933000320188282,F1224,12,Oxycodone
933000320188297,F1225,12,Oxycodone
933000320188355,F1226,12,Oxycodone
933000320188361,F1227,12,Oxycodone
933000320188368,F1228,12,Oxycodone
933000320188299,F1229,12,Oxycodone
933000320188371,F1230,12,Oxycodone
933000320188766,F1231,12,Oxycodone
933000320188775,F1232,12,Oxycodone
933000320188773,F1233,12,Oxycodone
933000320188755,F1234,12,Oxycodone
933000320188760,F1235,12,Oxycodone
933000320188554,F1236,12,Oxycodone
933000320188774,F1237,12,Oxycodone
933000320188767,F1238,12,Oxycodone
933000320188471,M1251,12,Oxycodone
933000320188740,M1252,12,Oxycodone
933000320188612,M1253,12,Oxycodone
933000320188744,M1254,12,Oxycodone
933000320188608,M1255,12,Oxycodone
933000320188474,M1256,12,Oxycodone
933000320188076,M1257,12,Oxycodone
933000320188729,M1258,12,Oxycodone
933000320188736,M1259,12,Oxycodone
933000320188077,M1260,12,Oxycodone
933000320188366,M1261,12,Oxycodone
933000320188276,M1262,12,Oxycodone
933000320187986,M1263,12,Oxycodone
933000320187984,M1264,12,Oxycodone
933000320187990,M1265,12,Oxycodone
933000320187979,M1266,12,Oxycodone
933000320188570,M1267,12,Oxycodone
933000320187999,M1268,12,Oxycodone
933000320188364,M1269,12,Oxycodone
933000320188562,M1270,12,Oxycodone
933000320188290,M1271,12,Oxycodone
933000320188362,M1272,12,Oxycodone
933000320188277,M1273,12,Oxycodone
933000320188369,M1274,12,Oxycodone
933000320188360,M1275,12,Oxycodone
933000320188279,M1276,12,Oxycodone
933000320188286,M1277,12,Oxycodone
933000320188353,M1278,12,Oxycodone
933000320188293,M1279,12,Oxycodone
933000320188291,M1280,12,Oxycodone
933000320188758,M1281,12,Oxycodone
933000320188555,M1282,12,Oxycodone
933000320188559,M1283,12,Oxycodone
933000320188770,M1284,12,Oxycodone
933000320188772,M1285,12,Oxycodone
933000320188563,M1286,12,Oxycodone
933000320188564,M1287,12,Oxycodone
933000320188499,F1301,13,Oxycodone
933000320188675,F1302,13,Oxycodone
933000320188481,F1303,13,Oxycodone
933000320188498,F1304,13,Oxycodone
933000320188485,F1305,13,Oxycodone
933000320188478,F1306,13,Oxycodone
933000320188661,F1307,13,Oxycodone
933000320188712,F1308,13,Oxycodone
933000320188666,F1309,13,Oxycodone
933000320188663,F1310,13,Oxycodone
933000320188492,F1311,13,Oxycodone
933000320188447,F1312,13,Oxycodone
933000320188645,F1313,13,Oxycodone
933000320188631,F1314,13,Oxycodone
933000320188656,F1315,13,Oxycodone
933000320188651,F1316,13,Oxycodone
933000320188632,F1317,13,Oxycodone
933000320188636,F1318,13,Oxycodone
933000320188635,F1319,13,Oxycodone
933000320188430,F1320,13,Oxycodone
933000320188626,F1321,13,Oxycodone
933000320188637,F1322,13,Oxycodone
933000320188449,F1323,13,Oxycodone
933000320500079,F1324,13,Oxycodone
933000320500080,F1325,13,Oxycodone
933000320188432,F1326,13,Oxycodone
933000320188710,F1327,13,Oxycodone
933000320188434,F1328,13,Oxycodone
933000320188722,F1329,13,Oxycodone
933000320188708,F1330,13,Oxycodone
933000320188706,F1331,13,Oxycodone
933000320188707,F1332,13,Oxycodone
933000320188724,F1333,13,Oxycodone
933000320500089,F1334,13,Oxycodone
933000320500090,F1335,13,Oxycodone
933000320188716,F1336,13,Oxycodone
933000320188715,F1337,13,Oxycodone
933000320188714,F1338,13,Oxycodone
933000320188667,M1351,13,Oxycodone
933000320188484,M1352,13,Oxycodone
933000320188479,M1353,13,Oxycodone
933000320188495,M1354,13,Oxycodone
933000320188669,M1355,13,Oxycodone
933000320188674,M1356,13,Oxycodone
933000320188490,M1357,13,Oxycodone
933000320188480,M1358,13,Oxycodone
933000320188659,M1359,13,Oxycodone
933000320188489,M1360,13,Oxycodone
933000320188629,M1361,13,Oxycodone
933000320188439,M1362,13,Oxycodone
933000320188431,M1363,13,Oxycodone
933000320188633,M1364,13,Oxycodone
933000320188658,M1365,13,Oxycodone
933000320188639,M1366,13,Oxycodone
933000320188643,M1367,13,Oxycodone
933000320188646,M1368,13,Oxycodone
933000320188657,M1369,13,Oxycodone
933000320188634,M1370,13,Oxycodone
933000320188711,M1371,13,Oxycodone
933000320188433,M1372,13,Oxycodone
933000320188703,M1373,13,Oxycodone
933000320188702,M1374,13,Oxycodone
933000320188429,M1375,13,Oxycodone
933000320188718,M1376,13,Oxycodone
933000320188444,M1377,13,Oxycodone
933000320500077,M1378,13,Oxycodone
933000320188438,M1379,13,Oxycodone
933000320500081,M1380,13,Oxycodone
933000320500084,M1381,13,Oxycodone
933000320500091,M1382,13,Oxycodone
933000320500088,M1383,13,Oxycodone
933000320500086,M1384,13,Oxycodone
933000320500095,M1385,13,Oxycodone
933000320500076,M1386,13,Oxycodone
933000320500447.0,F1401,,Oxycodone
933000320499691.0,F1402,,Oxycodone
933000320499937.0,F1403,,Oxycodone
933000320500445.0,F1404,,Oxycodone
933000320500448.0,F1405,14.0,Oxycodone
933000320499762.0,F1406,14.0,Oxycodone
933000320499938.0,F1407,14.0,Oxycodone
933000320500437.0,F1408,14.0,Oxycodone
933000320499692.0,F1409,14.0,Oxycodone
933000320499682.0,F1410,14.0,Oxycodone
933000320499752.0,F1411,14.0,Oxycodone
933000320500426.0,F1412,14.0,Oxycodone
933000320500427.0,F1413,14.0,Oxycodone
933000320499689.0,F1414,14.0,Oxycodone
933000320499753.0,F1415,14.0,Oxycodone
933000320499699.0,F1416,14.0,Oxycodone
933000320499817.0,F1417,14.0,Oxycodone
933000320499812.0,F1418,14.0,Oxycodone
933000320499678.0,F1419,14.0,Oxycodone
933000320499814.0,F1420,14.0,Oxycodone
933000320499801.0,F1421,14.0,Oxycodone
933000320499679.0,F1422,14.0,Oxycodone
933000320499818.0,F1423,14.0,Oxycodone
933000320499810.0,F1424,14.0,Oxycodone
933000320500002.0,F1425,14.0,Oxycodone
933000320499962.0,F1426,14.0,Oxycodone
933000320500010.0,F1427,14.0,Oxycodone
933000320500016.0,F1428,14.0,Oxycodone
933000320500018.0,F1429,14.0,Oxycodone
933000320499772.0,F1430,14.0,Oxycodone
933000320499771.0,F1431,14.0,Oxycodone
933000320499927.0,F1432,14.0,Oxycodone
933000320499767.0,F1433,14.0,Oxycodone
933000320499768.0,F1434,14.0,Oxycodone
933000320499773.0,F1435,14.0,Oxycodone
933000320499774.0,F1436,14.0,Oxycodone
933000320499929.0,F1437,14.0,Oxycodone
933000320500434.0,M1451,14.0,Oxycodone
933000320500446.0,M1452,14.0,Oxycodone
933000320499761.0,M1453,14.0,Oxycodone
933000320500436.0,M1454,14.0,Oxycodone
933000320499940.0,M1455,14.0,Oxycodone
933000320500440.0,M1456,14.0,Oxycodone
933000320499770.0,M1457,14.0,Oxycodone
933000320499939.0,M1458,14.0,Oxycodone
933000320499755.0,M1459,14.0,Oxycodone
933000320500429.0,M1460,14.0,Oxycodone
933000320499754.0,M1461,14.0,Oxycodone
933000320499681.0,M1462,14.0,Oxycodone
933000320500433.0,M1463,14.0,Oxycodone
933000320499700.0,M1464,14.0,Oxycodone
933000320499688.0,M1465,14.0,Oxycodone
933000320499693.0,M1466,14.0,Oxycodone
933000320499685.0,M1467,14.0,Oxycodone
933000320499815.0,M1468,14.0,Oxycodone
933000320499819.0,M1469,14.0,Oxycodone
933000320499803.0,M1470,14.0,Oxycodone
933000320499802.0,M1471,14.0,Oxycodone
933000320499813.0,M1472,14.0,Oxycodone
933000320499824.0,M1473,14.0,Oxycodone
933000320499677.0,M1474,14.0,Oxycodone
933000320499963.0,M1475,14.0,Oxycodone
933000320500008.0,M1476,14.0,Oxycodone
933000320500014.0,M1477,14.0,Oxycodone
933000320499952.0,M1478,14.0,Oxycodone
933000320500019.0,M1479,14.0,Oxycodone
933000320500020.0,M1480,14.0,Oxycodone
933000320499764.0,M1481,14.0,Oxycodone
933000320499763.0,M1482,14.0,Oxycodone
933000320499933.0,M1483,14.0,Oxycodone
933000320499765.0,M1484,14.0,Oxycodone
933000320499759.0,M1485,14.0,Oxycodone
933000320499935.0,M1486,14.0,Oxycodone
933000320499928.0,M1487,14.0,Oxycodone
,,,
933000320499856,F1501,15,Oxycodone
933000320500224,F1502,15,Oxycodone
933000320499869,F1503,15,Oxycodone
933000320499868,F1504,15,Oxycodone
933000320499859,F1505,15,Oxycodone
933000320499854,F1506,15,Oxycodone
933000320500217,F1507,15,Oxycodone
933000320499853,F1508,15,Oxycodone
933000320500210,F1509,15,Oxycodone
933000320500207,F1510,15,Oxycodone
933000320500361,F1511,15,Oxycodone
933000320499659,F1512,15,Oxycodone
933000320500151,F1513,15,Oxycodone
933000320500220,F1514,15,Oxycodone
933000320500370,F1515,15,Oxycodone
933000320499658,F1516,15,Oxycodone
933000320524282,F1517,15,Oxycodone
933000320524278,F1518,15,Oxycodone
933000320524281,F1519,15,Oxycodone
933000320524299,F1520,15,Oxycodone
933000320524297,F1521,15,Oxycodone
933000320524279,F1522,15,Oxycodone
933000320500359,F1523,15,Oxycodone
933000320500353,F1524,15,Oxycodone
933000320524203,F1525,15,Oxycodone
933000320524202,F1526,15,Oxycodone
933000320524216,F1527,15,Oxycodone
933000320524211,F1528,15,Oxycodone
933000320524207,F1529,15,Oxycodone
933000320524217,F1530,15,Oxycodone
933000320499671,F1531,15,Oxycodone
933000320500356,F1532,15,Oxycodone
933000320499675,F1533,15,Oxycodone
933000320500371,F1534,15,Oxycodone
933000320500368,F1535,15,Oxycodone
933000320500363,F1536,15,Oxycodone
933000320500364,F1537,15,Oxycodone
933000320499855,M1551,15,Oxycodone
933000320499864,M1552,15,Oxycodone
933000320500355,M1553,15,Oxycodone
933000320499865,M1554,15,Oxycodone
933000320499852,M1555,15,Oxycodone
933000320500211,M1556,15,Oxycodone
933000320499875,M1557,15,Oxycodone
933000320499867,M1558,15,Oxycodone
933000320500369,M1559,15,Oxycodone
933000320500204,M1560,15,Oxycodone
933000320500219,M1561,15,Oxycodone
933000320500212,M1562,15,Oxycodone
933000320500366,M1563,15,Oxycodone
933000320500214,M1564,15,Oxycodone
933000320500205,M1565,15,Oxycodone
933000320500209,M1566,15,Oxycodone
933000320500352,M1567,15,Oxycodone
933000320524287,M1568,15,Oxycodone
933000320524288,M1569,15,Oxycodone
933000320524277,M1570,15,Oxycodone
933000320524298,M1571,15,Oxycodone
933000320524283,M1572,15,Oxycodone
933000320524300,M1573,15,Oxycodone
933000320500358,M1574,15,Oxycodone
933000320524222,M1575,15,Oxycodone
933000320524215,M1576,15,Oxycodone
933000320524214,M1577,15,Oxycodone
933000320524206,M1578,15,Oxycodone
933000320524219,M1579,15,Oxycodone
933000320524205,M1780,15,Oxycodone
933000320500375,M1581,15,Oxycodone
933000320500362,M1582,15,Oxycodone
933000320499664,M1583,15,Oxycodone
933000320499665,M1584,15,Oxycodone
933000320500372,M1585,15,Oxycodone
933000320500373,M1586,15,Oxycodone
933000320500374,M1587,15,Oxycodone
933000320500367,M1588,15,Oxycodone
933000320525517.0,F1601,16,Oxycodone
933000320525418.0,F1602,16,Oxycodone
933000320525548.0,F1603,16,Oxycodone
933000320525529.0,F1604,16,Oxycodone
933000320525253.0,F1605,16,Oxycodone
933000320525254.0,F1606,16,Oxycodone
933000320525546.0,F1607,16,Oxycodone
933000320525521.0,F1608,16,Oxycodone
933000320525334.0,F1609,16,Oxycodone
933000320525318.0,F1610,16,Oxycodone
933000320525402.0,F1611,16,Oxycodone
933000320525338.0,F1612,16,Oxycodone
933000320525292.0,F1613,16,Oxycodone
933000320525511.0,F1614,16,Oxycodone
933000320525299.0,F1615,16,Oxycodone
933000320525509.0,F1616,16,Oxycodone
933000320525424.0,F1617,16,Oxycodone
933000320525423.0,F1618,16,Oxycodone
933000320524315.0,F1619,16,Oxycodone
933000320525267.0,F1620,16,Oxycodone
933000320525308.0,F1621,16,Oxycodone
933000320525403.0,F1622,16,Oxycodone
933000320525364.0,F1623,16,Oxycodone
933000320525375.0,F1624,16,Oxycodone
933000320525463.0,F1625,16,Oxycodone
933000320525370.0,F1626,16,Oxycodone
933000320525374.0,F1627,16,Oxycodone
933000320525467.0,F1628,16,Oxycodone
933000320525359.0,F1629,16,Oxycodone
933000320525353.0,F1630,16,Oxycodone
9220003205254210.0,F1631,16,Oxycodone
933000320525413.0,F1632,16,Oxycodone
,F1633,16,Oxycodone
933000320525419.0,F1634,16,Oxycodone
933000320525420.0,F1635,16,Oxycodone
933000320525414.0,F1636,16,Oxycodone
933000320525416.0,F1637,16,Oxycodone
933000320525415.0,F1638,16,Oxycodone
933000320525257.0,M1651,16,Oxycodone
933000320525541.0,M1652,16,Oxycodone
933000320525533.0,M1653,16,Oxycodone
933000320525535.0,M1654,16,Oxycodone
933000320525516.0,M1655,16,Oxycodone
933000320525515.0,M1656,16,Oxycodone
933000320525421.0,M1657,16,Oxycodone
933000320525525.0,M1658,16,Oxycodone
933000320525512.0,M1659,16,Oxycodone
933000320525280.0,M1660,16,Oxycodone
933000320525278.0,M1661,16,Oxycodone
933000320525298.0,M1662,16,Oxycodone
933000320525361.0,M1663,16,Oxycodone
933000320525474.0,M1664,16,Oxycodone
933000320525468.0,M1665,16,Oxycodone
933000320525356.0,M1666,16,Oxycodone
933000320525339.0,M1667,16,Oxycodone
933000320525446.0,M1668,16,Oxycodone
933000320525303.0,M1669,16,Oxycodone
933000320525340.0,M1670,16,Oxycodone
933000320525310.0,M1671,16,Oxycodone
933000320525447.0,M1672,16,Oxycodone
933000320525425.0,M1673,16,Oxycodone
933000320525297.0,M1674,16,Oxycodone
933000320525437.0,M1675,16,Oxycodone
933000320525471.0,M1676,16,Oxycodone
933000320525354.0,M1677,16,Oxycodone
933000320525362.0,M1678,16,Oxycodone
933000320525527.0,M1679,16,Oxycodone
933000320525544.0,M1680,16,Oxycodone
933000320525289.0,M1681,16,Oxycodone
933000320525281.0,M1682,16,Oxycodone
933000320525285.0,M1683,16,Oxycodone
933000320525290.0,M1684,16,Oxycodone
933000320525287.0,M1685,16,Oxycodone
933000320525286.0,M1686,16,Oxycodone
933000320525422.0,M1687,16,Oxycodone
933000320697662,F1701,17,Oxycodone
933000320697535,F1702,17,Oxycodone
933000320697532,F1703,17,Oxycodone
933000320697657,F1704,17,Oxycodone
933000320697533,F1705,17,Oxycodone
933000320697530,F1706,17,Oxycodone
933000320697661,F1707,17,Oxycodone
933000320697658,F1708,17,Oxycodone
933000320697652,F1709,17,Oxycodone
933000320697523,F1710,17,Oxycodone
933000320697516,F1711,17,Oxycodone
933000320697514,F1712,17,Oxycodone
933000320697519,F1713,17,Oxycodone
933000320697524,F1714,17,Oxycodone
933000320697513,F1715,17,Oxycodone
933000320697653,F1716,17,Oxycodone
933000320697569,F1717,17,Oxycodone
933000320697556,F1718,17,Oxycodone
933000320697568,F1719,17,Oxycodone
933000320697562,F1720,17,Oxycodone
933000320697558,F1721,17,Oxycodone
933000320697552,F1722,17,Oxycodone
933000320697563,F1723,17,Oxycodone
933000320697565,F1724,17,Oxycodone
933000320697646,F1725,17,Oxycodone
933000320697560,F1726,17,Oxycodone
933000320697649,F1727,17,Oxycodone
933000320697650,F1728,17,Oxycodone
933000320697555,F1729,17,Oxycodone
933000320697642,F1730,17,Oxycodone
933000320697507,F1731,17,Oxycodone
933000320697501,F1732,17,Oxycodone
933000320697574,F1733,17,Oxycodone
933000320697573,F1734,17,Oxycodone
933000320697567,F1735,17,Oxycodone
933000320697506,F1736,17,Oxycodone
933000320697508,F1737,17,Oxycodone
933000320697663,M1751,17,Oxycodone
933000320697668,M1752,17,Oxycodone
933000320697656,M1753,17,Oxycodone
933000320697670,M1754,17,Oxycodone
933000320697654,M1755,17,Oxycodone
933000320697527,M1756,17,Oxycodone
933000320697534,M1757,17,Oxycodone
933000320697529,M1758,17,Oxycodone
933000320697512,M1759,17,Oxycodone
933000320697522,M1760,17,Oxycodone
933000320697518,M1761,17,Oxycodone
933000320697666,M1762,17,Oxycodone
933000320697517,M1763,17,Oxycodone
933000320697525,M1764,17,Oxycodone
933000320697651,M1765,17,Oxycodone
933000320697521,M1766,17,Oxycodone
933000320697557,M1767,17,Oxycodone
933000320697564,M1768,17,Oxycodone
933000320697561,M1769,17,Oxycodone
933000320697566,M1770,17,Oxycodone
933000320697575,M1771,17,Oxycodone
933000320697570,M1772,17,Oxycodone
933000320697551,M1773,17,Oxycodone
933000320697559,M1774,17,Oxycodone
933000320697648,M1775,17,Oxycodone
933000320697554,M1776,17,Oxycodone
933000320697643,M1777,17,Oxycodone
933000320697647,M1778,17,Oxycodone
933000320697553,M1779,17,Oxycodone
933000320697644,M1780,17,Oxycodone
933000320697571,M1781,17,Oxycodone
933000320697505,M1782,17,Oxycodone
933000320697572,M1783,17,Oxycodone
933000320697502,M1784,17,Oxycodone
933000320697510,M1785,17,Oxycodone
933000320697515,M1786,17,Oxycodone
933000320697504,M1787,17,Oxycodone
933000320697503,M1788,17,Oxycodone
