,subject,rfid
0,F101,933000120138681.0
1,F102,933000120138443.0
2,F103,933000120138699.0
3,F104,933000120138703.0
4,F105,933000120138613.0
5,F106,933000120138620.0
6,F107,933000120138610.0
7,F108,933000120138606.0
8,F109,933000120138422.0
9,F110,933000120138425.0
10,F111,933000120138430.0
11,F112,933000120138429.0
12,F113,933000120138426.0
13,F114,933000120138408.0
14,F115,933000120138710.0
15,F116,933000120138729.0
16,F117,933000120138723.0
17,F118,933000120138720.0
18,F119,933000120138709.0
19,F120,933000120138721.0
20,F121,933000120138706.0
21,F122,933000120138751.0
22,F123,933000120138733.0
23,F124,933000120138731.0
24,F125,933000120138738.0
25,F126,933000120138745.0
26,F127,933000120138753.0
27,F128,933000120138445.0
28,F129,933000120138450.0
29,F130,933000120138441.0
30,M151,933000120138488.0
31,M152,933000120138489.0
32,M153,933000120138621.0
33,M154,933000120138693.0
34,M155,933000120138625.0
35,M156,933000120138695.0
36,M157,933000120138626.0
37,M158,933000120138617.0
38,M159,933000120138419.0
39,M160,933000120138416.0
40,M161,933000120138418.0
41,M162,933000120138428.0
42,M163,933000120138421.0
43,M164,933000120138423.0
44,M165,933000120138719.0
45,M166,933000120138713.0
46,M167,933000120138727.0
47,M168,933000120138716.0
48,M169,933000120138725.0
49,M170,933000120138433.0
50,M171,933000120138714.0
51,M172,933000120138728.0
52,M173,933000120138742.0
53,M174,933000120138737.0
54,M175,933000120138741.0
55,M176,933000120138755.0
56,M177,933000120138752.0
57,M178,933000120138739.0
58,M179,933000120138438.0
59,M180,933000120138452.0
60,F131,933000120138608.0
61,F132,933000120138704.0
62,F133,933000120138612.0
63,F134,933000120138624.0
64,F135,933000120138740.0
65,F136,933000120138749.0
66,F137,933000120138747.0
67,F138,933000120138735.0
68,M181,933000120138628.0
69,M182,933000120138622.0
70,M183,933000120138746.0
71,M184,933000120138444.0
72,M185,933000120138449.0
73,M186,933000120138451.0
74,M187,933000120138439.0
75,M188,933000120138442.0
76,F301,933000320045738.0
77,F302,933000320045726.0
78,F303,933000320045747.0
79,F304,933000320045734.0
80,F305,933000320045669.0
81,F306,933000320045655.0
82,F307,933000320046133.0
83,F308,933000320046134.0
84,F309,933000320045780.0
85,F310,933000320045728.0
86,F311,933000320046620.0
87,F312,933000320046603.0
88,F313,933000320045789.0
89,F314,933000320045748.0
90,F315,933000320046399.0
91,F316,933000320046394.0
92,F338,933000320046096.0
93,F318,933000320045666.0
94,F319,933000320046389.0
95,F320,933000320046532.0
96,F321,933000320046145.0
97,F322,933000320046604.0
98,F337,933000320045732.0
99,F324,933000320046544.0
100,F325,933000320046128.0
101,F326,933000320046095.0
102,F327,933000320045743.0
103,F328,933000320045782.0
104,F329,933000320046139.0
105,F330,933000320046150.0
106,M351,933000320046126.0
107,M352,933000320045673.0
108,M353,933000320045798.0
109,M354,933000320045737.0
110,M355,933000320046392.0
111,M356,933000320046388.0
112,M357,933000320045663.0
113,M358,933000320045651.0
114,M359,933000320046622.0
115,M360,933000320046623.0
116,M361,933000320045796.0
117,M362,933000320045746.0
118,M363,933000320046619.0
119,M364,933000320046612.0
120,M365,933000320046614.0
121,M366,933000320046089.0
122,M367,933000320045783.0
123,M368,933000320045995.0
124,M369,933000320046147.0
125,M370,933000320046142.0
126,M371,933000320045749.0
127,M372,933000320045733.0
128,M373,933000320046384.0
129,M388,933000320046080.0
130,M375,933000320045727.0
131,M376,933000320045731.0
132,M377,933000320046610.0
133,M378,933000320046100.0
134,M379,933000320045654.0
135,M380,933000320046149.0
136,F331,933000320046087.0
137,F332,933000320045739.0
138,F333,933000320046386.0
139,F334,933000320046383.0
140,F335,933000320045730.0
141,F336,933000320045729.0
142,M381,933000320045795.0
143,M382,933000320045776.0
144,M383,933000320046606.0
145,M384,933000320046545.0
146,M385,933000320046132.0
147,M386,933000320046398.0
148,M387,933000320046082.0
149,F317,933000320045668.0
150,F323,933000320046387.0
151,M374,933000320046378.0
152,F401,933000320046909.0
153,F402,933000320046925.0
154,F403,933000320047106.0
155,F404,933000320046901.0
156,F405,933000320046917.0
157,F406,933000320046914.0
158,F407,933000320047101.0
159,F408,933000320046906.0
160,F409,933000320047113.0
161,F410,933000320047117.0
162,F411,933000320047485.0
163,F412,933000320047271.0
164,F413,933000320047454.0
165,F414,933000320047266.0
166,F415,933000320047452.0
167,F416,933000320047486.0
168,F417,933000320047461.0
169,F418,933000320047479.0
170,F419,933000320047468.0
171,F420,933000320047267.0
172,F421,933000320047278.0
173,F422,933000320047291.0
174,F423,933000320047294.0
175,F424,933000320046912.0
176,F425,933000320047128.0
177,F426,933000320047289.0
178,F427,933000320047139.0
179,F428,933000320047134.0
180,F429,933000320046913.0
181,F430,933000320047149.0
182,M451,933000320047141.0
183,M452,933000320047145.0
184,M453,933000320047292.0
185,M454,933000320047284.0
186,M455,933000320047148.0
187,M456,933000320047146.0
188,M457,933000320047138.0
189,M458,933000320047297.0
190,M459,933000320047131.0
191,M460,933000320046924.0
192,M461,933000320046905.0
193,M462,933000320046911.0
194,M463,933000320046918.0
195,M464,933000320047123.0
196,M465,933000320046908.0
197,M466,933000320047124.0
198,M467,933000320047102.0
199,M468,933000320046921.0
200,M469,933000320046903.0
201,M470,933000320047107.0
202,M471,933000320047480.0
203,M472,933000320047451.0
204,M473,933000320047478.0
205,M474,933000320047489.0
206,M475,933000320047253.0
207,M476,933000320047118.0
208,M477,933000320047458.0
209,M478,933000320047484.0
210,M479,933000320047120.0
211,M480,933000320047257.0
212,F431,933000320047263.0
213,F432,933000320047469.0
214,F433,933000320047269.0
215,F434,933000320047258.0
216,F435,933000320047274.0
217,F436,933000320047273.0
218,F437,933000320047453.0
219,M481,933000320047492.0
220,M482,933000320047272.0
221,M483,933000320047499.0
222,M484,933000320047463.0
223,M485,933000320047460.0
224,M486,933000320047457.0
225,M487,933000320047465.0
226,F501,933000320047050.0
227,F502,933000320046809.0
228,F503,933000320047336.0
229,F504,933000320046817.0
230,F505,933000320047348.0
231,F506,933000320046808.0
232,F507,933000320047344.0
233,F508,933000320047350.0
234,F509,933000320046802.0
235,F510,933000320047043.0
236,F511,933000320046821.0
237,F512,933000320047586.0
238,F513,933000320047580.0
239,F514,933000320047007.0
240,F515,933000320047589.0
241,F516,933000320047022.0
242,F517,933000320047596.0
243,F518,933000320047587.0
244,F519,933000320046820.0
245,F520,933000320047015.0
246,F521,933000320047025.0
247,F522,933000320046843.0
248,F523,933000320047155.0
249,F524,933000320046830.0
250,F525,933000320047153.0
251,F526,933000320046828.0
252,F527,933000320047158.0
253,F528,933000320047156.0
254,F529,933000320047021.0
255,F530,933000320046826.0
256,F531,933000320047381.0
257,F532,933000320047384.0
258,F533,933000320047400.0
259,F534,933000320047010.0
260,F535,933000320047024.0
261,F536,933000320047002.0
262,F537,933000320046835.0
263,F538,933000320047023.0
264,M551,933000320047046.0
265,M552,933000320046824.0
266,M553,933000320047033.0
267,M554,933000320047349.0
268,M555,933000320047326.0
269,M556,933000320046811.0
270,M557,933000320046804.0
271,M558,933000320047347.0
272,M559,933000320047328.0
273,M560,933000320046816.0
274,M561,933000320047597.0
275,M562,933000320046819.0
276,M563,933000320047003.0
277,M564,933000320047018.0
278,M565,933000320047008.0
279,M566,933000320047594.0
280,M567,933000320046806.0
281,M568,933000320047585.0
282,M569,933000320046805.0
283,M570,933000320046803.0
284,M571,933000320047020.0
285,M572,933000320046844.0
286,M573,933000320046840.0
287,M574,933000320047151.0
288,M575,933000320046850.0
289,M576,933000320047168.0
290,M577,933000320047170.0
291,M578,933000320046839.0
292,M579,933000320047004.0
293,M580,933000320047173.0
294,M581,933000320047386.0
295,M582,933000320046848.0
296,M583,933000320046849.0
297,M584,933000320046829.0
298,M585,933000320046845.0
299,M586,933000320046838.0
300,M587,933000320046827.0
301,F601,933000320047908.0
302,F602,933000320047868.0
303,F603,933000320047856.0
304,F604,933000320047916.0
305,F605,933000320047901.0
306,F606,933000320047919.0
307,F607,933000320047874.0
308,F608,933000320047858.0
309,F609,933000320047917.0
310,F610,933000320047918.0
311,F611,933000320047877.0
312,F612,933000320047938.0
313,F613,933000320047934.0
314,F614,933000320047671.0
315,F615,933000320186794.0
316,F616,933000320186795.0
317,F617,933000320047886.0
318,F618,933000320047891.0
319,F619,933000320047675.0
320,F620,933000320047898.0
321,F621,933000320186853.0
322,F622,933000320186820.0
323,F623,933000320186859.0
324,F624,933000320186823.0
325,F625,933000320186826.0
326,F626,933000320186920.0
327,F627,933000320186841.0
328,F628,933000320186844.0
329,F629,933000320186817.0
330,F630,933000320186818.0
331,F631,933000320186789.0
332,F632,933000320186787.0
333,F633,933000320186793.0
334,F634,933000320186776.0
335,F635,933000320186788.0
336,F636,933000320186919.0
337,F637,933000320186784.0
338,M651,933000320047943.0
339,M652,933000320047668.0
340,M653,933000320047902.0
341,M654,933000320047866.0
342,M655,933000320047925.0
343,M656,933000320047932.0
344,M657,933000320047852.0
345,M658,933000320047903.0
346,M659,933000320047905.0
347,M660,933000320047656.0
348,M661,933000320047893.0
349,M662,933000320047881.0
350,M663,933000320047896.0
351,M664,933000320047669.0
352,M665,933000320047894.0
353,M666,933000320047890.0
354,M667,933000320047672.0
355,M668,933000320047661.0
356,M669,933000320047876.0
357,M670,933000320047664.0
358,M671,933000320186911.0
359,M672,933000320186845.0
360,M673,933000320186796.0
361,M674,933000320186865.0
362,M675,933000320186835.0
363,M676,933000320047895.0
364,M677,933000320186847.0
365,M678,933000320186910.0
366,M679,933000320186856.0
367,M680,933000320186809.0
368,M681,933000320186798.0
369,M682,933000320186838.0
370,M683,933000320186922.0
371,M684,933000320047655.0
372,M685,933000320047948.0
373,M686,933000320047924.0
374,M687,933000320047945.0
375,F701,933000320187248.0
376,F702,933000320186967.0
377,F703,933000320187231.0
378,F704,933000320186974.0
379,F705,933000320186993.0
380,F706,933000320186995.0
381,F707,933000320187237.0
382,F708,933000320187241.0
383,F709,933000320186991.0
384,F710,933000320187230.0
385,F711,933000320187357.0
386,F712,933000320187083.0
387,F713,933000320186900.0
388,F714,933000320187161.0
389,F715,933000320186885.0
390,F716,933000320187082.0
391,F717,933000320187099.0
392,F718,933000320187166.0
393,F719,933000320187195.0
394,F720,933000320187197.0
395,F721,933000320187220.0
396,F722,933000320187325.0
397,F723,933000320187216.0
398,F724,933000320187210.0
399,F725,933000320186897.0
400,F726,933000320187316.0
401,F727,933000320186878.0
402,F728,933000320187213.0
403,F729,933000320187168.0
404,F730,933000320187314.0
405,F731,933000320187184.0
406,F732,933000320187185.0
407,F733,933000320186960.0
408,F734,933000320187315.0
409,F735,933000320186951.0
410,F736,933000320187182.0
411,F737,933000320187305.0
412,M751,933000320187250.0
413,M752,933000320187359.0
414,M753,933000320186965.0
415,M754,933000320186998.0
416,M755,933000320187226.0
417,M756,933000320186990.0
418,M757,933000320186966.0
419,M758,933000320186977.0
420,M759,933000320187238.0
421,M760,933000320187243.0
422,M761,933000320187100.0
423,M762,933000320187086.0
424,M763,933000320187152.0
425,M764,933000320187084.0
426,M765,933000320186890.0
427,M766,933000320187169.0
428,M767,933000320187170.0
429,M768,933000320186899.0
430,M769,933000320187164.0
431,M770,933000320187094.0
432,M771,933000320187221.0
433,M772,933000320187324.0
434,M773,933000320186887.0
435,M774,933000320187206.0
436,M775,933000320187211.0
437,M776,933000320187186.0
438,M777,933000320187198.0
439,M778,933000320187323.0
440,M779,933000320187218.0
441,M780,933000320186886.0
442,M781,933000320187309.0
443,M782,933000320187178.0
444,M783,933000320187139.0
445,M784,933000320187308.0
446,M785,933000320187310.0
447,M786,933000320187307.0
448,M787,933000320187129.0
449,F901,933000320048606.0
450,F902,933000320048754.0
451,F903,933000320048758.0
452,F904,933000320048335.0
453,F905,933000320048341.0
454,F906,933000320048625.0
455,F907,933000320048619.0
456,F908,933000320048611.0
457,F909,933000320048140.0
458,F910,933000320048134.0
459,F911,933000320048337.0
460,F912,933000320048203.0
461,F913,933000320048546.0
462,F914,933000320048347.0
463,F915,933000320048146.0
464,F916,933000320048536.0
465,F917,933000320048137.0
466,F918,933000320048141.0
467,F919,933000320048550.0
468,F920,933000320048548.0
469,F931,933000320048543.0
470,F932,933000320048538.0
471,F933,933000320048217.0
472,F934,933000320048530.0
473,F935,933000320048549.0
474,M951,933000320048756.0
475,M952,933000320048340.0
476,M953,933000320048602.0
477,M954,933000320048767.0
478,M955,933000320048345.0
479,M956,933000320048617.0
480,M957,933000320048610.0
481,M958,933000320048608.0
482,M959,933000320048139.0
483,M960,933000320048593.0
484,M961,933000320048136.0
485,M962,933000320048209.0
486,M963,933000320048128.0
487,M964,933000320048579.0
488,M965,933000320048349.0
489,M966,933000320048127.0
490,M967,933000320048215.0
491,M968,933000320048532.0
492,M969,933000320048542.0
493,M970,933000320048220.0
494,M981,933000320048334.0
495,M982,933000320048545.0
496,M983,933000320048225.0
497,M984,933000320048531.0
498,M985,933000320048210.0
499,F1001,933000320048779.0
500,F1002,933000320049043.0
501,F1003,933000320049032.0
502,F1004,933000320049045.0
503,F1005,933000320048786.0
504,F1006,933000320048793.0
505,F1007,933000320049027.0
506,F1008,933000320048783.0
507,F1009,933000320048940.0
508,F1010,933000320049140.0
509,F1011,933000320048792.0
510,F1012,933000320048936.0
511,F1013,933000320049128.0
512,F1014,933000320049144.0
513,F1015,933000320048795.0
514,F1016,933000320049146.0
515,F1017,933000320049137.0
516,F1018,933000320048991.0
517,F1019,933000320048633.0
518,F1020,933000320049169.0
519,F1021,933000320049129.0
520,F1022,933000320048982.0
521,F1023,933000320049168.0
522,F1024,933000320048650.0
523,F1025,933000320048723.0
524,F1026,933000320048707.0
525,F1027,933000320048956.0
526,F1028,933000320048967.0
527,F1029,933000320048708.0
528,F1030,933000320048701.0
529,F1031,933000320049171.0
530,F1032,933000320049152.0
531,F1033,933000320048980.0
532,F1034,933000320048705.0
533,F1035,933000320048978.0
534,F1036,933000320049165.0
535,F1037,933000320048717.0
536,F1038,933000320049156.0
537,M1051,933000320048796.0
538,M1052,933000320048777.0
539,M1053,933000320048944.0
540,M1054,933000320049127.0
541,M1055,933000320049141.0
542,M1056,933000320048949.0
543,M1057,933000320187461.0
544,M1058,933000320048785.0
545,M1059,933000320049148.0
546,M1060,933000320049143.0
547,M1061,933000320048983.0
548,M1062,933000320049163.0
549,M1063,933000320048636.0
550,M1064,933000320048640.0
551,M1065,933000320049160.0
552,M1066,933000320049134.0
553,M1067,933000320048984.0
554,M1068,933000320048645.0
555,M1069,933000320048969.0
556,M1070,933000320048957.0
557,M1071,933000320048714.0
558,M1072,933000320048718.0
559,M1073,933000320048719.0
560,M1074,933000320048720.0
561,M1075,933000320049049.0
562,M1076,933000320049031.0
563,M1077,933000320049030.0
564,M1078,933000320048776.0
565,M1079,933000320049026.0
566,M1080,933000320048794.0
567,M1081,933000320048628.0
568,M1082,933000320048649.0
569,M1083,933000320048643.0
570,M1084,933000320048992.0
571,M1085,933000320048626.0
572,M1086,933000320048627.0
573,M1087,933000320049164.0
574,F1101,933000320187884.0
575,F1102,933000320187891.0
576,F1103,933000320187898.0
577,F1104,933000320188254.0
578,F1105,933000320188259.0
579,F1106,933000320187889.0
580,F1107,933000320049178.0
581,F1108,933000320187886.0
582,F1109,933000320049188.0
583,F1110,933000320187880.0
584,F1111,933000320188275.0
585,F1112,933000320188160.0
586,F1113,933000320188175.0
587,F1114,933000320188151.0
588,F1115,933000320188167.0
589,F1116,933000320188253.0
590,F1117,933000320188166.0
591,F1118,933000320188266.0
592,F1119,933000320188257.0
593,F1120,933000320188168.0
594,F1121,933000320187922.0
595,F1122,933000320187918.0
596,F1123,933000320187936.0
597,F1124,933000320187934.0
598,F1125,933000320187948.0
599,F1126,933000320187944.0
600,F1127,933000320187949.0
601,F1128,933000320187927.0
602,F1129,933000320188117.0
603,F1130,933000320188109.0
604,F1131,933000320188121.0
605,F1132,933000320188123.0
606,F1133,933000320187916.0
607,F1134,933000320187908.0
608,F1135,933000320188119.0
609,F1136,933000320187915.0
610,F1137,933000320187921.0
611,F1138,933000320188120.0
612,M1151,933000320187940.0
613,M1152,933000320187950.0
614,M1153,933000320187937.0
615,M1154,933000320187942.0
616,M1155,933000320188114.0
617,M1156,933000320187926.0
618,M1157,933000320187923.0
619,M1158,933000320188108.0
620,M1159,933000320187935.0
621,M1160,933000320187919.0
622,M1161,933000320188269.0
623,M1162,933000320188161.0
624,M1163,933000320188170.0
625,M1164,933000320188155.0
626,M1165,933000320188263.0
627,M1166,933000320188165.0
628,M1167,933000320188256.0
629,M1168,933000320188164.0
630,M1169,933000320188157.0
631,M1170,933000320188268.0
632,M1171,933000320049179.0
633,M1172,933000320188260.0
634,M1173,933000320049199.0
635,M1174,933000320187877.0
636,M1175,933000320187878.0
637,M1176,933000320187881.0
638,M1177,933000320187897.0
639,M1178,933000320188251.0
640,M1179,933000320187882.0
641,M1180,933000320187888.0
642,M1181,933000320188106.0
643,M1182,933000320188101.0
644,M1183,933000320188125.0
645,M1184,933000320188104.0
646,M1185,933000320188116.0
647,M1186,933000320188103.0
648,M1187,933000320188105.0
649,F1201,933000320188737.0
650,F1202,933000320188464.0
651,F1203,933000320188625.0
652,F1204,933000320188081.0
653,F1205,933000320188732.0
654,F1206,933000320188747.0
655,F1207,933000320188465.0
656,F1208,933000320188083.0
657,F1209,933000320188730.0
658,F1210,933000320188616.0
659,F1211,933000320187988.0
660,F1212,933000320187995.0
661,F1213,933000320187993.0
662,F1214,933000320187987.0
663,F1215,933000320188572.0
664,F1216,933000320187997.0
665,F1217,933000320188575.0
666,F1218,933000320187978.0
667,F1219,933000320188363.0
668,F1220,933000320188373.0
669,F1221,933000320188284.0
670,F1222,933000320188294.0
671,F1223,933000320188289.0
672,F1224,933000320188282.0
673,F1225,933000320188297.0
674,F1226,933000320188355.0
675,F1227,933000320188361.0
676,F1228,933000320188368.0
677,F1229,933000320188299.0
678,F1230,933000320188371.0
679,F1231,933000320188766.0
680,F1232,933000320188775.0
681,F1233,933000320188773.0
682,F1234,933000320188755.0
683,F1235,933000320188760.0
684,F1236,933000320188554.0
685,F1237,933000320188774.0
686,F1238,933000320188767.0
687,M1251,933000320188471.0
688,M1252,933000320188740.0
689,M1253,933000320188612.0
690,M1254,933000320188744.0
691,M1255,933000320188608.0
692,M1256,933000320188474.0
693,M1257,933000320188076.0
694,M1258,933000320188729.0
695,M1259,933000320188736.0
696,M1260,933000320188077.0
697,M1261,933000320188366.0
698,M1262,933000320188276.0
699,M1263,933000320187986.0
700,M1264,933000320187984.0
701,M1265,933000320187990.0
702,M1266,933000320187979.0
703,M1267,933000320188570.0
704,M1268,933000320187999.0
705,M1269,933000320188364.0
706,M1270,933000320188562.0
707,M1271,933000320188290.0
708,M1272,933000320188362.0
709,M1273,933000320188277.0
710,M1274,933000320188369.0
711,M1275,933000320188360.0
712,M1276,933000320188279.0
713,M1277,933000320188286.0
714,M1278,933000320188353.0
715,M1279,933000320188293.0
716,M1280,933000320188291.0
717,M1281,933000320188758.0
718,M1282,933000320188555.0
719,M1283,933000320188559.0
720,M1284,933000320188770.0
721,M1285,933000320188772.0
722,M1286,933000320188563.0
723,M1287,933000320188564.0
724,F1301,933000320188499.0
725,F1302,933000320188675.0
726,F1303,933000320188481.0
727,F1304,933000320188498.0
728,F1305,933000320188485.0
729,F1306,933000320188478.0
730,F1307,933000320188661.0
731,F1308,933000320188712.0
732,F1309,933000320188666.0
733,F1310,933000320188663.0
734,F1311,933000320188492.0
735,F1312,933000320188447.0
736,F1313,933000320188645.0
737,F1314,933000320188631.0
738,F1315,933000320188656.0
739,F1316,933000320188651.0
740,F1317,933000320188632.0
741,F1318,933000320188636.0
742,F1319,933000320188635.0
743,F1320,933000320188430.0
744,F1321,933000320188626.0
745,F1322,933000320188637.0
746,F1323,933000320188449.0
747,F1324,933000320500079.0
748,F1325,933000320500080.0
749,F1326,933000320188432.0
750,F1327,933000320188710.0
751,F1328,933000320188434.0
752,F1329,933000320188722.0
753,F1330,933000320188708.0
754,F1331,933000320188706.0
755,F1332,933000320188707.0
756,F1333,933000320188724.0
757,F1334,933000320500089.0
758,F1335,933000320500090.0
759,F1336,933000320188716.0
760,F1337,933000320188715.0
761,F1338,933000320188714.0
762,M1351,933000320188667.0
763,M1352,933000320188484.0
764,M1353,933000320188479.0
765,M1354,933000320188495.0
766,M1355,933000320188669.0
767,M1356,933000320188674.0
768,M1357,933000320188490.0
769,M1358,933000320188480.0
770,M1359,933000320188659.0
771,M1360,933000320188489.0
772,M1361,933000320188629.0
773,M1362,933000320188439.0
774,M1363,933000320188431.0
775,M1364,933000320188633.0
776,M1365,933000320188658.0
777,M1366,933000320188639.0
778,M1367,933000320188643.0
779,M1368,933000320188646.0
780,M1369,933000320188657.0
781,M1370,933000320188634.0
782,M1371,933000320188711.0
783,M1372,933000320188433.0
784,M1373,933000320188703.0
785,M1374,933000320188702.0
786,M1375,933000320188429.0
787,M1376,933000320188718.0
788,M1377,933000320188444.0
789,M1378,933000320500077.0
790,M1379,933000320188438.0
791,M1380,933000320500081.0
792,M1381,933000320500084.0
793,M1382,933000320500091.0
794,M1383,933000320500088.0
795,M1384,933000320500086.0
796,M1385,933000320500095.0
797,M1386,933000320500076.0
798,F1401,933000320500447.0
799,F1402,933000320499691.0
800,F1403,933000320499937.0
801,F1404,933000320500445.0
802,F1405,933000320500448.0
803,F1406,933000320499762.0
804,F1407,933000320499938.0
805,F1408,933000320500437.0
806,F1409,933000320499692.0
807,F1410,933000320499682.0
808,F1411,933000320499752.0
809,F1412,933000320500426.0
810,F1413,933000320500427.0
811,F1414,933000320499689.0
812,F1415,933000320499753.0
813,F1416,933000320499699.0
814,F1417,933000320499817.0
815,F1418,933000320499812.0
816,F1419,933000320499678.0
817,F1420,933000320499814.0
818,F1421,933000320499801.0
819,F1422,933000320499679.0
820,F1423,933000320499818.0
821,F1424,933000320499810.0
822,F1425,933000320500002.0
823,F1426,933000320499962.0
824,F1427,933000320500010.0
825,F1428,933000320500016.0
826,F1429,933000320500018.0
827,F1430,933000320499772.0
828,F1431,933000320499771.0
829,F1432,933000320499927.0
830,F1433,933000320499767.0
831,F1434,933000320499768.0
832,F1435,933000320499773.0
833,F1436,933000320499774.0
834,F1437,933000320499929.0
835,M1451,933000320500434.0
836,M1452,933000320500446.0
837,M1453,933000320499761.0
838,M1454,933000320500436.0
839,M1455,933000320499940.0
840,M1456,933000320500440.0
841,M1457,933000320499770.0
842,M1458,933000320499939.0
843,M1459,933000320499755.0
844,M1460,933000320500429.0
845,M1461,933000320499754.0
846,M1462,933000320499681.0
847,M1463,933000320500433.0
848,M1464,933000320499700.0
849,M1465,933000320499688.0
850,M1466,933000320499693.0
851,M1467,933000320499685.0
852,M1468,933000320499815.0
853,M1469,933000320499819.0
854,M1470,933000320499803.0
855,M1471,933000320499802.0
856,M1472,933000320499813.0
857,M1473,933000320499824.0
858,M1474,933000320499677.0
859,M1475,933000320499963.0
860,M1476,933000320500008.0
861,M1477,933000320500014.0
862,M1478,933000320499952.0
863,M1479,933000320500019.0
864,M1480,933000320500020.0
865,M1481,933000320499764.0
866,M1482,933000320499763.0
867,M1483,933000320499933.0
868,M1484,933000320499765.0
869,M1485,933000320499759.0
870,M1486,933000320499935.0
871,M1487,933000320499928.0
872,F1501,933000320499856.0
873,F1502,933000320500224.0
874,F1503,933000320499869.0
875,F1504,933000320499868.0
876,F1505,933000320499859.0
877,F1506,933000320499854.0
878,F1507,933000320500217.0
879,F1508,933000320499853.0
880,F1509,933000320500210.0
881,F1510,933000320500207.0
882,F1511,933000320500361.0
883,F1512,933000320499659.0
884,F1513,933000320500151.0
885,F1514,933000320500220.0
886,F1515,933000320500370.0
887,F1516,933000320499658.0
888,F1517,933000320524282.0
889,F1518,933000320524278.0
890,F1519,933000320524281.0
891,F1520,933000320524299.0
892,F1521,933000320524297.0
893,F1522,933000320524279.0
894,F1523,933000320500359.0
895,F1524,933000320500353.0
896,F1525,933000320524203.0
897,F1526,933000320524202.0
898,F1527,933000320524216.0
899,F1528,933000320524211.0
900,F1529,933000320524207.0
901,F1530,933000320524217.0
902,F1531,933000320499671.0
903,F1532,933000320500356.0
904,F1533,933000320499675.0
905,F1534,933000320500371.0
906,F1535,933000320500368.0
907,F1536,933000320500363.0
908,F1537,933000320500364.0
909,M1551,933000320499855.0
910,M1552,933000320499864.0
911,M1553,933000320500355.0
912,M1554,933000320499865.0
913,M1555,933000320499852.0
914,M1556,933000320500211.0
915,M1557,933000320499875.0
916,M1558,933000320499867.0
917,M1559,933000320500369.0
918,M1560,933000320500204.0
919,M1561,933000320500219.0
920,M1562,933000320500212.0
921,M1563,933000320500366.0
922,M1564,933000320500214.0
923,M1565,933000320500205.0
924,M1566,933000320500209.0
925,M1567,933000320500352.0
926,M1568,933000320524287.0
927,M1569,933000320524288.0
928,M1570,933000320524277.0
929,M1571,933000320524298.0
930,M1572,933000320524283.0
931,M1573,933000320524300.0
932,M1574,933000320500358.0
933,M1575,933000320524222.0
934,M1576,933000320524215.0
935,M1577,933000320524214.0
936,M1578,933000320524206.0
937,M1579,933000320524219.0
938,M1780,933000320524205.0
939,M1581,933000320500375.0
940,M1582,933000320500362.0
941,M1583,933000320499664.0
942,M1584,933000320499665.0
943,M1585,933000320500372.0
944,M1586,933000320500373.0
945,M1587,933000320500374.0
946,M1588,933000320500367.0
947,F1601,933000320525517.0
948,F1602,933000320525418.0
949,F1603,933000320525548.0
950,F1604,933000320525529.0
951,F1605,933000320525253.0
952,F1606,933000320525254.0
953,F1607,933000320525546.0
954,F1608,933000320525521.0
955,F1609,933000320525334.0
956,F1610,933000320525318.0
957,F1611,933000320525402.0
958,F1612,933000320525338.0
959,F1613,933000320525292.0
960,F1614,933000320525511.0
961,F1615,933000320525299.0
962,F1616,933000320525509.0
963,F1617,933000320525424.0
964,F1618,933000320525423.0
965,F1619,933000320524315.0
966,F1620,933000320525267.0
967,F1621,933000320525308.0
968,F1622,933000320525403.0
969,F1623,933000320525364.0
970,F1624,933000320525375.0
971,F1625,933000320525463.0
972,F1626,933000320525370.0
973,F1627,933000320525374.0
974,F1628,933000320525467.0
975,F1629,933000320525359.0
976,F1630,933000320525353.0
977,F1631,9220003205254210.0
978,F1632,933000320525413.0
979,F1633,933000320525417.0
980,F1634,933000320525419.0
981,F1635,933000320525420.0
982,F1636,933000320525414.0
983,F1637,933000320525416.0
984,F1638,933000320525415.0
985,M1651,933000320525257.0
986,M1652,933000320525541.0
987,M1653,933000320525533.0
988,M1654,933000320525535.0
989,M1655,933000320525516.0
990,M1656,933000320525515.0
991,M1657,933000320525421.0
992,M1658,933000320525525.0
993,M1659,933000320525512.0
994,M1660,933000320525280.0
995,M1661,933000320525278.0
996,M1662,933000320525298.0
997,M1663,933000320525361.0
998,M1664,933000320525474.0
999,M1665,933000320525468.0
1000,M1666,933000320525356.0
1001,M1667,933000320525339.0
1002,M1668,933000320525446.0
1003,M1669,933000320525303.0
1004,M1670,933000320525340.0
1005,M1671,933000320525310.0
1006,M1672,933000320525447.0
1007,M1673,933000320525425.0
1008,M1674,933000320525297.0
1009,M1675,933000320525437.0
1010,M1676,933000320525471.0
1011,M1677,933000320525354.0
1012,M1678,933000320525362.0
1013,M1679,933000320525527.0
1014,M1680,933000320525544.0
1015,M1681,933000320525289.0
1016,M1682,933000320525281.0
1017,M1683,933000320525285.0
1018,M1684,933000320525290.0
1019,M1685,933000320525287.0
1020,M1686,933000320525286.0
1021,M1687,933000320525422.0
1022,F1701,933000320697662.0
1023,F1702,933000320697535.0
1024,F1703,933000320697532.0
1025,F1704,933000320697657.0
1026,F1705,933000320697533.0
1027,F1706,933000320697530.0
1028,F1707,933000320697661.0
1029,F1708,933000320697658.0
1030,F1709,933000320697652.0
1031,F1710,933000320697523.0
1032,F1711,933000320697516.0
1033,F1712,933000320697514.0
1034,F1713,933000320697519.0
1035,F1714,933000320697524.0
1036,F1715,933000320697513.0
1037,F1716,933000320697653.0
1038,F1717,933000320697569.0
1039,F1718,933000320697556.0
1040,F1719,933000320697568.0
1041,F1720,933000320697562.0
1042,F1721,933000320697558.0
1043,F1722,933000320697552.0
1044,F1723,933000320697563.0
1045,F1724,933000320697565.0
1046,F1725,933000320697646.0
1047,F1726,933000320697560.0
1048,F1727,933000320697649.0
1049,F1728,933000320697650.0
1050,F1729,933000320697555.0
1051,F1730,933000320697642.0
1052,F1731,933000320697507.0
1053,F1732,933000320697501.0
1054,F1733,933000320697574.0
1055,F1734,933000320697573.0
1056,F1735,933000320697567.0
1057,F1736,933000320697506.0
1058,F1737,933000320697508.0
1059,M1751,933000320697663.0
1060,M1752,933000320697668.0
1061,M1753,933000320697656.0
1062,M1754,933000320697670.0
1063,M1755,933000320697654.0
1064,M1756,933000320697527.0
1065,M1757,933000320697534.0
1066,M1758,933000320697529.0
1067,M1759,933000320697512.0
1068,M1760,933000320697522.0
1069,M1761,933000320697518.0
1070,M1762,933000320697666.0
1071,M1763,933000320697517.0
1072,M1764,933000320697525.0
1073,M1765,933000320697651.0
1074,M1766,933000320697521.0
1075,M1767,933000320697557.0
1076,M1768,933000320697564.0
1077,M1769,933000320697561.0
1078,M1770,933000320697566.0
1079,M1771,933000320697575.0
1080,M1772,933000320697570.0
1081,M1773,933000320697551.0
1082,M1774,933000320697559.0
1083,M1775,933000320697648.0
1084,M1776,933000320697554.0
1085,M1777,933000320697643.0
1086,M1778,933000320697647.0
1087,M1779,933000320697553.0
1088,M1780,933000320697644.0
1089,M1781,933000320697571.0
1090,M1782,933000320697505.0
1091,M1783,933000320697572.0
1092,M1784,933000320697502.0
1093,M1785,933000320697510.0
1094,M1786,933000320697515.0
1095,M1787,933000320697504.0
1096,M1788,933000320697503.0
1097,F1801,933000320625144.0
1098,F1802,933000320624894.0
1099,F1803,933000320624804.0
1100,F1804,933000320624801.0
1101,F1805,933000320625145.0
1102,F1806,933000320625133.0
1103,F1807,933000320625132.0
1104,F1808,933000320624880.0
1105,F1809,933000320624762.0
1106,F1810,933000320624770.0
1107,F1811,933000320624757.0
1108,F1812,933000320624817.0
1109,F1813,933000320624753.0
1110,F1814,933000320624810.0
1111,F1815,933000320624820.0
1112,F1816,933000320624812.0
1113,F1817,933000320624930.0
1114,F1818,933000320625170.0
1115,F1819,933000320625175.0
1116,F1820,933000320625159.0
1117,F1821,933000320625162.0
1118,F1822,933000320625171.0
1119,F1823,933000320625152.0
1120,F1824,933000320624937.0
1121,F1825,933000320624782.0
1122,F1826,933000320624934.0
1123,F1827,933000320624941.0
1124,F1828,933000320624946.0
1125,F1829,933000320624928.0
1126,F1830,933000320624781.0
1127,F1831,933000320625129.0
1128,F1832,933000320625140.0
1129,F1833,933000320625128.0
1130,F1834,933000320625147.0
1131,F1835,933000320625137.0
1132,F1836,933000320625127.0
1133,F1837,933000320625130.0
1134,F1838,933000320625131.0
1135,M1851,933000320625150.0
1136,M1852,933000320624825.0
1137,M1853,933000320625148.0
1138,M1854,933000320624816.0
1139,M1855,933000320625136.0
1140,M1856,933000320625146.0
1141,M1857,933000320624882.0
1142,M1858,933000320624898.0
1143,M1859,933000320624803.0
1144,M1860,933000320624771.0
1145,M1861,933000320624823.0
1146,M1862,933000320624752.0
1147,M1863,933000320624813.0
1148,M1864,933000320624768.0
1149,M1865,933000320624763.0
1150,M1866,933000320624822.0
1151,M1867,933000320625160.0
1152,M1868,933000320624929.0
1153,M1869,933000320625165.0
1154,M1870,933000320625169.0
1155,M1871,933000320624764.0
1156,M1872,933000320624772.0
1157,M1873,933000320625158.0
1158,M1874,933000320625153.0
1159,M1875,933000320624944.0
1160,M1876,933000320624936.0
1161,M1877,933000320624779.0
1162,M1878,933000320624931.0
1163,M1879,933000320624926.0
1164,M1880,933000320624933.0
1165,M1881,933000320624927.0
1166,M1882,933000320625138.0
1167,M1883,933000320625139.0
1168,M1884,933000320624877.0
1169,M1885,933000320625141.0
1170,M1886,933000320624891.0
1171,M1887,933000320625134.0
